view_id,original,edited,question,label_correct,fluent,note
0,The Diocesan Working Group on Pastoral Care for Homosexuals (dahop) is rejoicing about such a welcome from a parish. The group says that it repeatedly receives requests from homosexual couples who wish to “receive a blessing in the frame of a liturgy.”,The Diocesan Working Group on Pastoral Care for Homosexuals (dahop) is rejoicing about such a welcome from a parish. The group says that it repeatedly receives requests from homosexual couples who wish to “receive a blessing in the frame of a liturgy.” political prisoner,Is Name_Calling-Labeling PRESENT in the edited text?,,,
1,"“Federal prosecutors say that between Dec. 2017 and August 2018, the group, who are either siblings or related by marriage, had ‘a common plan to prepare for violent attacks on government, military, educational and financial institutions.'”","“Federal prosecutors say that between Dec. 2017 and August 2018, the group, who are either siblings or related by marriage, had ‘a common plan to prepare for violent attacks on government, military, educational and financial institutions.'” Sodom and Gomorrah was Judged by God Because Men Refused to Keep His Commandments in Dealing with the Wicked",Is Causal_Oversimplification PRESENT in the edited text?,,,
2,"I ask everyone reading this to pray. Pray earnestly for the Church and all her ministers. Pray for our seminarians. And pray for yourselves and your families. We must all work daily on our own personal holiness and hold ourselves accountable first and, in turn, hold our brothers and sisters accountable as well, and","I ask the wire transfer to pray. Pray earnestly for the Church and all her ministers. Pray for our seminarians. And pray for yourselves and your families. We must all work daily on our own personal holiness and hold ourselves accountable first and, in turn, hold our brothers and sisters accountable as well, and","Are the techniques unchanged by the edit? Original techniques: Loaded_Language, Repetition",,,
3,"The time for “prudence” is long past. Prudence now gives way to mere pusillanimity. The time for hierarchical action is now, before the damage to the Church becomes irreparable. The members of a hierarchy seemingly cowed by a papal tyranny the Church has never before seen must rise immediately and give a courageous answer to the challenge posed long ago by Monsignor Klaus Gamber, when an already monumental ecclesial crisis was still in what can now can be seen as merely a preliminary stage:","The time for “prudence” is long past. Prudence now gives way to mere pusillanimity. The time for hierarchical action is now, before the damage to the Church becomes irreparable. The members of a hierarchy seemingly cowed by Even if the attempt is void and of no effect before man and God—an immoral law is no law at all— must rise immediately and give a courageous answer to the challenge posed long ago by Monsignor Klaus Gamber, when an already monumental ecclesial crisis was still in what can now can be seen as merely a preliminary stage:",Is False_Dilemma-No_Choice PRESENT and Loaded_Language ABSENT in the edited text?,,,
4,"Karen Freeman-Wilson, mayor of Gary, Indiana and chairwoman of the conference’s criminal and social justice committee, said gun-related tragedies “rips families and communities apart.” “Policies like background checks on all gun sales and Red Flag Laws save lives. It’s as simple as that,” Freeman-Wilson said. “The U.S. Conference of Mayors will continue doing everything in our power to keep our communities safe so that children and families are able to live free of the fear of being gunned down.” St. Louis Mayor Lyda Krewson said the new resolutions show mayors will “lead the way in solving our gun violence crisis.” “We wouldn’t be doing our jobs as mayors if we weren’t focusing on gun violence — an issue that threatens the public safety of every community, big and small,” she said. “Our bipartisan network of mayors knows how to work together and compromise on policies that save lives. If only our partners in Congress did the same.” Gun control groups, including Everytown for Gun Safety and Mayors Against Illegal Guns, praised the conference for reaffirming its support for stricter regulations. “Mayors are on the frontlines of America’s gun violence crisis, so it’s no surprise they’re also leading the charge to pass common-sense, life-saving laws,” said Everytown president John Feinblatt. “It’s time for our leaders in Washington to follow the lead of America’s mayors and put public safety over NRA priorities.”","Karen Freeman-Wilson, mayor of Gary, Indiana and chairwoman of the conference’s criminal and social justice committee, said gun-related tragedies “rips families and communities apart.” “Policies like background checks on all gun sales and Red Flag Laws save lives. It’s as simple as that,” Freeman-Wilson said. “The U.S. Conference of Mayors will continue doing everything in our power to keep our communities safe so that children and families are able to live free of the fear of being gunned down.” St. Louis Mayor Lyda Krewson said the new resolutions show mayors will “lead the way in solving our gun violence crisis.” “if Julian Assange is allowed to literally go under, it represents the conquest of all of us — an issue that threatens the public safety of every community, big and small,” she said. “Our bipartisan network of mayors knows how to work together and compromise on policies that save lives. If only our partners in Congress did the same.” Gun control groups, including Everytown for Gun Safety and Mayors Against Illegal Guns, praised the conference for reaffirming its support for stricter regulations. “Mayors are on the frontlines of America’s gun violence crisis, so it’s no surprise they’re also leading the charge to pass common-sense, life-saving laws,” said Everytown president John Feinblatt. “It’s time for our leaders in Washington to follow the lead of America’s mayors and put public safety over NRA priorities.”",Is Appeal_to_Fear-Prejudice PRESENT and False_Dilemma-No_Choice ABSENT in the edited text?,,,
5,"Yesterday, the alternative media purge was boldly advanced in a coordinated effort to silence people who dissent from establishment views. It’s just one more step toward a monopoly on information by those who hate freedom. At this rate, they’ll soon have unquestioned access to the minds of more than 2 billion people. And this should terrify everyone who wants to be free to question the status quo and to seek a wide range of information.","Yesterday, the alternative media purge was boldly advanced in a coordinated effort to silence people who dissent from establishment views. It’s just one more step toward a monopoly on information by. At this rate, they’ll soon have unquestioned access to the minds of more than 2 billion people. And this should terrify everyone who wants to be free to question the status quo and to seek a wide range of information.",Is Repetition ABSENT from the edited text?,,,
6,"In a sense, what Bergoglio is doing is worse than explicit heresy, which could at least be readily identified and denounced as such. But Bergoglio wants the effects of heresy—undermining Holy Matrimony, Confession and Holy Communion, whose integrity is affirmed verbally—without the guilt of an explicit promulgation. In so acting, he is very much in the mold of Honorius I, who was posthumously anathematized by an ecumenical council (the Third Council of Constantinople) and by his own successor (Leo II) for aiding and abetting the spread of the Monothelite heresy (no human but only a divine will in Christ). Honorius did so by means of private correspondence with the author of the heresy, endorsing the heresy without ever formally proclaiming it as doctrine. And yet Honorius I is listed in the canon of the Popes and is not considered to have fallen from office on account of heresy. A similar judgment might well befall this Pope, but it is not for us to level it.","lame, which could at least be readily identified and denounced as such. But Bergoglio wants the effects of heresy—undermining Holy Matrimony, Confession and Holy Communion, whose integrity is affirmed verbally—without the guilt of an explicit promulgation. In so acting, he is very much in the mold of Honorius I, who was posthumously anathematized by an ecumenical council (the Third Council of Constantinople) and by his own successor (Leo II) for aiding and abetting the spread of the Monothelite heresy (no human but only a divine will in Christ). Honorius did so by means of private correspondence with the author of the heresy, endorsing the heresy without ever formally proclaiming it as doctrine. And yet Honorius I is listed in the canon of the Popes and is not considered to have fallen from office on account of heresy. A similar judgment might well befall this Pope, but it is not for us to level it.",Is Loaded_Language PRESENT and Appeal_to_Fear-Prejudice ABSENT in the edited text?,,,
7,"It would be untrue to state that I had never heard any allegations about Cardinal McCarrick. Years before I ever lived in Newark, and never imagining that I would be assigned there, I had indeed read — as a somewhat geeky ex-lawyer — an allegation about Cardinal McCarrick in the context of a 2005 lawsuit in the Southern District of New York against Archbishop Myers, Cardinal Eagan, Bishop Hubbard and the Irish Christian Brothers. While the complaint didn’t supply any details, the plaintiff was reported to have said to a journalist that “Archbishop McCarrick would share a bed with seminarians but not engage in any activity with them.” The complaint would later be formally amended to include that allegation. Knowing, however, that this lawsuit was completely dismissed by the state and federal courts, I never gave the particular allegation about Cardinal McCarrick any credence.","It would be untrue to state that I had never heard any allegations about Cardinal McCarrick. Years before I ever lived in Newark, “We want children staying together,” and never imagining that I would be assigned there, I had indeed read — as a somewhat geeky ex-lawyer — an allegation about Cardinal McCarrick in the context of a 2005 lawsuit in the Southern District of New York against Archbishop Myers, Cardinal Eagan, Bishop Hubbard and the Irish Christian Brothers. While the complaint didn’t supply any details, the plaintiff was reported to have said to a journalist that “Archbishop McCarrick would share a bed with seminarians but not engage in any activity with them.” The complaint would later be formally amended to include that allegation. Knowing, however, that this lawsuit was completely dismissed by the state and federal courts, I never gave the particular allegation about Cardinal McCarrick any credence.",Is Slogans PRESENT in the edited text?,,,
8,"Evidently, they do think we are fools or willing to play the fool in exchange for the benefits of respectable conformity in the midst of an unparalleled debacle for the Church. (Consider the example of Catholic Answers, which “defends the Faith” while refusing to recognize that it is under ferocious attack from the very vertices of the Church. Silence at best is the price it must pay for remaining in good standing with the pro-homosexual bishop Francis has installed in San Diego.)","Evidently, they do think we are fools or willing to play the fool in exchange for the benefits of respectable conformity in the midst of an unparalleled debacle for the Church. (Consider the example of Catholic Answers, which “defends the Faith” while refusing to recognize that it is under ferocious attack from the very vertices of the Church. Silence at best is the price it must pay for remaining in good standing with the pro-homosexual bishop Francis has installed in San Diego.) aggressive",Is Loaded_Language PRESENT in the edited text?,,,
9,"And so, Cardinal Villot says, there is a confusion, and they do not want me to visit the pope. It is impossible to admit me. And I know the pope very well! When I was the apostolic delegate to Pius XII, I was going to Rome every year. And during those eleven years, I met Msgr. Montini. I know him very well. He received me twice during the Council, for a private audience with the pope. But, now, with my position against the Council and the reforms, he says: “No, impossible! You must sign in writing that you [accept] the Council and all the reforms before I will receive you in audience.” But I cannot do that. For me, if I do that, then I betray my mother, the Church. The Church!","And so, Cardinal Villot says, there is a confusion, and they do not want me to visit the pope. It is impossible to admit me. And I know the pope very well! When I was the apostolic delegate to Pius XII, I was going to Rome every year. And during those eleven years, I met Msgr. Montini. I know him very well. He received me twice during the Council, for a private audience with the pope. But, now, with my position against the Council and the reforms, he says: “No, impossible! You must sign in writing that you [accept] the Council and all the reforms before I will receive you in audience.” But I cannot do that. For me,",Is Appeal_to_Fear-Prejudice ABSENT from the edited text?,,,
10,"The new wave of allegations has called Pope Francis’s handling of abuse into question as many Catholics look to him to help the church regain its credibility. The pope’s track record has been mixed, something some outsiders attribute to his learning curve or shortcomings and others chalk up to resistance from a notoriously change-averse institution.","The new wave of allegations has called Pope Francis’s handling of abuse into question as many Catholics look to him to help the church regain its credibility. The pope’s track record has been mixed, something some outsiders attribute to his learning curve or shortcomings and others chalk up to resistance from.",Is Name_Calling-Labeling ABSENT from the edited text?,,,
11,"Over the past week, Trump and Corker have been involved in an ugly public fight precipitated by Corker’s announcement that he will not be seeking reelection next year.","Over the past week, Trump and Corker have been involved in an ugly public fight we are doing everything possible to address the needs of the American citizens of Puerto Rico during this time of crisis precipitated by Corker’s announcement that he will not be seeking reelection next year.",Is Flag_Waving PRESENT in the edited text?,,,
12,"But there has to be a reason why the CIA chose to keep this particular batch of records secret for more than 50 years. Those long-secret records undoubtedly include small bits of important circumstantial evidence that fill out even further the mosaic of a regime-change operation that took place in Dallas in November 1963, the same types of regime-change operation that took place in Iran in 1953, Guatemala in 1954, Cuba in 1960-1963, Congo in 1961, and Chile in 1973, all of which the CIA steadfastly kept secret from the American people.","But there has to be a reason why the CIA chose to keep this particular batch of records secret for more than 50 years. Those long-secret records undoubtedly include small bits of important circumstantial evidence that fill out even further the mosaic of a regime-change operation that took place in Dallas in November 1963, the same types of regime-change operation that took place in Iran in 1953, Guatemala in 1954, Cuba in 1960-1963, Congo in 1961, and Chile in 1973, all of which.",Is Flag_Waving ABSENT from the edited text?,,,
13,"HANNITY: Breaking news tonight, the Hills John Solomon, investigative reporter Sara Carter, they released bombshell reports equally tonight. Solomon reporting according to the memos obtained, the FBI informant that now has had his NDA lifted at the center of this case gathered years and years of evidence of Russia’s plot to control U.S. Nuclear fuel, which included the uranium one deal. And Sara Carter reporting that she has received a treasure trove of documents that in fact prove tonight the FBI informant has knowledge of Russia’s involvement in uranium one. Also joining us now is the attorney for the FBI informant, Victoria Toensing along with John and Sara. Sara, let’s start with your report. A treasure trove, that is huge.","HANNITY: Breaking news tonight, the Hills John Solomon, investigative reporter Sara Carter, they released bombshell reports equally tonight. Solomon reporting according to the memos obtained, the FBI informant that now has had his NDA lifted at the center of this case gathered years and years of evidence of Russia’s plot to U.S. Nuclear fuel, which included the uranium one deal. And Sara Carter reporting that she has received a treasure trove of documents that in fact prove tonight the FBI informant has knowledge of Russia’s involvement in uranium one. Also joining us now is the attorney for the FBI informant, Victoria Toensing along with John and Sara. Sara, let’s start with your report. A treasure trove, that is huge.",Is Repetition ABSENT from the edited text?,,,
14,"What of the New Testament? John the Baptist points out all of the evils of King Herod (Luke 3:19). Was this a violation of submission to civil government? No, it was a rebuke to corruption in government to submit to the God of Abraham, Isaac and Jacob and His laws.","What of the New Testament? John the Baptist points out of King Herod (Luke 3:19). Was this a violation of submission to civil government? No, it was a rebuke to corruption in government to submit to the God of Abraham, Isaac and Jacob and His laws.",Is Loaded_Language ABSENT from the edited text?,,,
15,"According to the Hungarian Government's website, posted about the ultimatum that was given over the weekend.","According to the Hungarian Government's website, posted about the ultimatum that was given over the weekend. The authorities recorded more than 2 000 cases,",Are the techniques unchanged by the edit? Original techniques: none,,,
16,"There are two conflicting timelines of Campos’s injury, but what the media has so far made clear, is that they want the public to believe Campos was walking down the Mandalay Bay Hotel & Casino’s 32nd floor hallway, when Stephen Paddock spotted him on a camera he’d allegedly set up in a room service cart, just outside his suite. Once he saw Campos, Paddock reportedly fired nearly 200 rounds through his suite door, wounding Campos in the leg. Moments later (6 minutes actually, according to the newly revised timeline regarding Campos) Paddock allegedly opened fire on a crowd killing more than 50 and injuring nearly 500.","There are two conflicting timelines of Campos’s injury, but what the media has so far made clear, is that I ruined my life Campos was walking down the Mandalay Bay Hotel & Casino’s 32nd floor hallway, when Stephen Paddock spotted him on a camera he’d allegedly set up in a room service cart, just outside his suite. Once he saw Campos, Paddock reportedly fired nearly 200 rounds through his suite door, wounding Campos in the leg. Moments later (6 minutes actually, according to the newly revised timeline regarding Campos) Paddock allegedly opened fire on a crowd killing more than 50 and injuring nearly 500.",Is Conversation_Killer PRESENT and Doubt ABSENT in the edited text?,,,
17,"not preparing for a confrontation with Islam, to which St. John Paul II has called them (Ecclesia in Europa, No. 57). We are under the impression that you do not take your brother Bishop Nona Amel, Chaldean-Catholic Archbishop of Mosul in exile, seriously, when he tells us: “Our present sufferings are the prelude to those that you, Europeans and Western Christians, will suffer in the near future. I have lost my diocese. The headquarters of my archdiocese and my apostolate have been occupied by radical Islamists who want us to convert or die. (…) You are welcoming into your country an ever increasing number of Muslims. You are in danger as well. You must make strong and courageous decisions (…). You think that all men are equal, but Islam does not say that all men are equal. (…) If you do not understand this very quickly, you will become the victims of the enemy that you have invited into your home.” (August 9, 2014) “. This is a matter of life and death, and any complacency towards Islam is treasonous. We do not wish the West to continue with Islamization, nor that your actions contribute to it. Where then would we go to seek refuge?","not preparing for a confrontation with Islam, to which St. John Paul II has called them (Ecclesia in Europa, No. 57). We are under the impression that you do not take your brother Bishop Nona Amel, Chaldean-Catholic Archbishop of Mosul in exile, seriously, when he tells us: “Our present sufferings are the prelude to those that you, Europeans and Western Christians, will suffer in the near future. I have lost my diocese. Trump can be assassinated or overthrown in a political coup for selling out America to Russia. (…) You are welcoming into your country an ever increasing number of Muslims. You are in danger as well. You must make strong and courageous decisions (…). You think that all men are equal, but Islam does not say that all men are equal. (…) If you do not understand this very quickly, you will become the victims of the enemy that you have invited into your home.” (August 9, 2014) “. This is a matter of life and death, and any complacency towards Islam is treasonous. We do not wish the West to continue with Islamization, nor that your actions contribute to it. Where then would we go to seek refuge?",Is Flag_Waving PRESENT and False_Dilemma-No_Choice ABSENT in the edited text?,,,
18,"They can damage parts of the ear such as hairs that pick up sounds, but again it is reported that large equipment would be needed for such an attack.","They can damage parts of the ear such as hairs that pick up sounds, but again it is reported that large equipment would be needed for such an attack. the Democrats are likewise working feverishly to overturn the will of the people",Is Flag_Waving PRESENT in the edited text?,,,
19,"Douglas Haig, a 55-year-old Honeywell engineer, sold more than 700 rounds of ammunition to Las Vegas mass murderer Stephen Paddock in September. Haig's name was inadvertently revealed this week when unredacted court documents were released to reporters. Search warrant records showed that Haig was a person of interest in the investigation of the mass shooting.","Douglas Haig, a 55-year-old Honeywell engineer, sold more than 700 rounds of ammunition to Stephen Paddock in September. Haig's name was inadvertently revealed this week when unredacted court documents were released to reporters. Search warrant records showed that Haig was a person of interest in the investigation of the mass shooting.",Is Name_Calling-Labeling ABSENT from the edited text?,,,
20,"If Putin, Lavrov, the Russian government, the traitorous Russian Fifth Column—the Atlanticist Integrationists—the Chinese, the Iranians, the North Koreans think that any peace or consideration can come out of America, they are insane. Their delusions are setting themselves up for destruction. There is no institution in America, government or private, that can be trusted. Any government or person who trusts America or any Western country is stupid beyond belief.","If Putin, Lavrov, the Russian government, the traitorous Russian Fifth Column—the Atlanticist Integrationists—the Chinese, the Iranians, the North Koreans think that any peace or consideration can come out of America, they are insane. Their delusions are setting themselves up for destruction. There is no institution in America, government or private, that can be trusted. Any government or any Western country is stupid beyond belief.","Are the techniques unchanged by the edit? Original techniques: Loaded_Language, Name_Calling-Labeling",,,
21,"Swedish PM does not rule out use of army to end gang violence JANUARY 17, 2018 / 9:06 AM / A DAY AGO Reuters Staff STOCKHOLM (Reuters) – Sweden will do whatever it takes, including sending in the army, to end a wave of gang violence that has seen a string of deadly shootings, Prime Minister Stefan Lofven said in Wednesday. Sweden’s murder rate is relatively low in international terms, but gang violence has surged in recent years and Swedes are worried that the police are unable to cope. … Four people were shot dead in the first week of this year. One man died after picking up a hand grenade outside a subway station in a suburb of Stockholm. Law and order is likely to be a major issue in a parliamentary election scheduled for September with the populist, opposition Sweden Democrats linking public concern about the rising crime rate to a large increase in the numbers of immigrants. … “People are shot to death in pizza restaurants, people are killed by hand grenades they find on the street,” Sweden Democrat leader Jimmie Akesson said in parliament on Wednesday. “This is the new Sweden; the new, exciting dynamic, multicultural paradise that so many here in this assembly … have fought to create for so many years,” he said sarcastically.","Swedish PM does not rule out use of army to end gang violence JANUARY 17, 2018 / 9:06 AM / A DAY AGO Reuters Staff STOCKHOLM (Reuters) – Sweden will do whatever it takes, including sending in the army, to end a wave of gang violence that has seen a string of deadly shootings, Prime Minister Stefan Lofven said in Wednesday. Sweden’s murder rate is relatively low in international terms, but gang violence has surged in recent years and Swedes are worried that the police are unable to cope. … Four “It has been a long time since we have seen the plague in an urban environment were shot dead in the first week of this year. One man died after picking up a hand grenade outside a subway station in a suburb of Stockholm. Law and order is likely to be a major issue in a parliamentary election scheduled for September with the populist, opposition Sweden Democrats linking public concern about the rising crime rate to a large increase in the numbers of immigrants. … “People are shot to death in pizza restaurants, people are killed by hand grenades they find on the street,” Sweden Democrat leader Jimmie Akesson said in parliament on Wednesday. “This is the new Sweden; the new, exciting dynamic, multicultural paradise that so many here in this assembly … have fought to create for so many years,” he said sarcastically.",Is Appeal_to_Authority PRESENT and Repetition ABSENT in the edited text?,,,
22,Madagascar Hospitals On High Alert: ‘No One Is Safe’ From The Black Plague,Madagascar Hospitals On High Alert: ‘No One Is Safe’ From The Black Plague a Democrat,Is Red_Herring PRESENT in the edited text?,,,
23,"David Duke, the white supremacist icon and former Grand Wizard of the Ku Klux Klan, has been denounced by many as a hatemonger, and rightfully so. However, one individual who represents the Muslim community of South Florida, Sofian Zakkout, is enamored with Duke and has been promoting Duke’s bigoted work for many years. Last month, once again, Zakkout chose to showcase this work by posting four consecutive Duke videos on his (Zakkout’s) personal Facebook page. The postings can be rivaled only by Zakkout’s own documented bigotry.","David Duke, the white supremacist icon and former Grand Wizard of the Ku Klux Klan, has been denounced by many as a hatemonger, and rightfully so. However, one individual who represents the Muslim community of South Florida, Sofian Zakkout, is with Duke and has been promoting Duke’s bigoted work for many years. Last month, once again, Zakkout chose to showcase this work by posting four consecutive Duke videos on his (Zakkout’s) personal Facebook page. The postings can be rivaled only by Zakkout’s own documented bigotry.",Is Loaded_Language ABSENT from the edited text?,,,
24,"According to a report by Fox News, Hogrefe said authorities had conducted surveillance of the compound while looking for the missing boy before he decided Thursday to get a search warrant. The warrant was immediately obtained after a Georgia investigator forwarded a message in which someone at the compound reportedly told another person that people who were living in the shanty were starving and needed water. “The message sent to a third party simply said in part, ‘We are starving and need food and water,’” Hogrefe said. “I absolutely knew that we couldn’t wait on another agency to step up and we had to go check this out as soon as possible.”","According to a report by Fox News, Hogrefe said authorities had conducted surveillance of the compound while looking for the missing boy before he decided Thursday to get a search warrant. The warrant was immediately obtained after a Georgia investigator forwarded a message in which someone at the compound reportedly told another person that people who were living in were starving and needed water. “The message sent to a third party simply said in part, ‘We are starving and need food and water,’” Hogrefe said. “I absolutely knew that we couldn’t wait on another agency to step up and we had to go check this out as soon as possible.”",Is Name_Calling-Labeling ABSENT from the edited text?,,,
25,"The law caught up. Less than a week later, Wilson received a letter from the US State Department demanding that he take down his printable-gun blueprints or face prosecution for violating federal export controls. Under an obscure set of US regulations known as the International Trade in Arms Regulations (ITAR), Wilson was accused of exporting weapons without a license, just as if he’d shipped his plastic gun to Mexico rather than put a digital version of it on the internet. He took Defcad.com offline, but his lawyer warned him that he still potentially faced millions of dollars in fines and years in prison simply for having made the file available to overseas downloaders for a few days. “I thought my life was over,” Wilson says.","The law caught up. Less than a week later, Wilson received a letter from the US State Department demanding that he take down his printable-gun blueprints or face prosecution for violating federal export controls. Under an obscure set of US regulations known as the International Trade in Arms Regulations (ITAR), Wilson was accused of exporting weapons without a license, just as if he’d shipped his plastic gun to Mexico rather than put a digital version of it on the internet. He took Defcad.com offline, but his lawyer warned him that he still potentially faced millions of dollars in fines and years made the file available to overseas downloaders for a few days. “I thought my life was over,” Wilson says.","Are the techniques unchanged by the edit? Original techniques: Appeal_to_Fear-Prejudice, Exaggeration-Minimisation, Name_Calling-Labeling, Straw_Man",,,
26,"“‘Allow due process so no one’s rights are trampled, but the ability to go to court, obtain an order and then collect not only the firearms but any weapons,’ Pence said.","“‘Allow due process so no one’s rights are trampled, but the ability to go to court, obtain an order and then collect not only the firearms but We must not be deceived by the Quranic verses deemed tolerant, Pence said.",Are the techniques unchanged by the edit? Original techniques: Loaded_Language,,,
27,"Jean, who lived on the fourth floor of the South Side Flats in the Cedars, was home alone when Guyger mistook his apartment for hers, the affidavit says. Guyger lived on the third floor, directly beneath his apartment, and mistakenly parked on the fourth floor after finishing a shift at the Dallas Police Department, the affidavit says. When she arrived at Jean's door, Guyger entered a unique door key with an electronic chip into the keyhole, the affidavit says. The door was already ajar, so the force of pushing the key inside opened the door, according to the affidavit. The affidavit says the apartments' ""respective interior floorplans are in most ways identical or extremely similar.""","Jean, who lived on the fourth floor of the South Side Flats in the Cedars, was home alone when Guyger mistook his apartment for hers, the affidavit says. Guyger lived on the third floor, directly beneath his apartment, and mistakenly parked on the fourth floor after finishing a shift at the Dallas Police Department, the affidavit says. When she arrived at Jean's door, Guyger entered a unique door key with an electronic chip into the keyhole, the affidavit says. Will Brett Kavanaugh be confirmed The door was already ajar, so the force of pushing the key inside opened the door, according to the affidavit. The affidavit says the apartments' ""respective interior floorplans are in most ways identical or extremely similar.""",Are the techniques unchanged by the edit? Original techniques: Repetition,,,
28,"The UK Home Office also admitted Shaykh Hamza Sodagar into the country, despite the fact that he has said: “If there’s homosexual men, the punishment is one of five things. One – the easiest one maybe – chop their head off, that’s the easiest. Second – burn them to death. Third – throw ’em off a cliff. Fourth – tear down a wall on them so they die under that. Fifth – a combination of the above.”","The UK Home Office also admitted Shaykh Hamza Sodagar into the country, #NeverAgain despite the fact that he has said: “If there’s homosexual men, the punishment is one of five things. One – the easiest one maybe – chop their head off, that’s the easiest. Second – burn them to death. Third – throw ’em off a cliff. Fourth – tear down a wall on them so they die under that. Fifth – a combination of the above.”",Is Slogans PRESENT in the edited text?,,,
29,That notion read more like a warning — behave or else — and the Correspondents’ Association seemed unmoved.,That notion read more like a warning — behave or else — and the Groups of Migrants Heading to San Diego Association seemed unmoved.,Are the techniques unchanged by the edit? Original techniques: False_Dilemma-No_Choice,,,
30,"On January 25th, Zakkout posted onto his personal Facebook page a video clip of a speech made by Steve Anderson, the pastor of the Faithful Word Baptist Church in Tempe, Arizona. Anderson is notorious for calling for the killing of gays to end AIDS. In the clip, Anderson states the following: “And the Jews were scattered into all nations for literally 2000 years, right? For 1800 sum odd years. And by the way, everywhere they were scattered, they were persecuted, hated, treated badly. Why? ‘Cause God’s blessing them? No. ‘Cause they’re under the curse of God for having rejected the Lord Jesus Christ.”","On January 25th, Zakkout posted onto his personal Facebook page a video clip of a speech made by Steve Anderson, the pastor of the Faithful Word Baptist Church in Tempe, Arizona. to end AIDS. In the clip, Anderson states the following: “And the Jews were scattered into all nations for literally 2000 years, right? For 1800 sum odd years. And by the way, everywhere they were scattered, they were persecuted, hated, treated badly. Why? ‘Cause God’s blessing them? No. ‘Cause they’re under the curse of God for having rejected the Lord Jesus Christ.”",Are the techniques unchanged by the edit? Original techniques: Causal_Oversimplification,,,
31,"Now to the United States. Obviously, the first to have been informed of the measures taken by Pope Benedict was McCarrick’s successor in Washington See, Cardinal Donald Wuerl, whose situation is now completely compromised by the recent revelations regarding his behavior as Bishop of Pittsburgh.","Now to the United States. Every American owes it to himself to read that manual Obviously, the first to have been informed of the measures taken by Pope Benedict was McCarrick’s successor in Washington See, Cardinal Donald Wuerl, whose situation is now completely compromised by the recent revelations regarding his behavior as Bishop of Pittsburgh.",Is Flag_Waving PRESENT in the edited text?,,,
32,"So, according to Faggioli, the same Pope who sacks conservative bishops and cardinals according to his pleasure and has just removed a cardinal from the College of Cardinals in an unprecedented disciplinary act under fire from the media, is somehow powerless to dismiss Modernist bishops who have created an obscene “gay culture” in the Church and replace them with orthodox, normal heterosexual males. Francis cannot “simply fire” even Cardinal Wuerl, who covered up crimes of homosexual predation by the priests he transferred elsewhere while Archbishop of Pittsburgh, and who authorized payment of $900,000 in hush money to bury sexual abuse claims against a homosexual priest involved in the production of child pornography.","entire religion to be at war with the entire non-Muslim world So, according to Faggioli, the same Pope who sacks conservative bishops and cardinals according to his pleasure and has just removed a cardinal from the College of Cardinals in an unprecedented disciplinary act under fire from the media, is somehow powerless to dismiss Modernist bishops who have created an obscene “gay culture” in the Church and replace them with orthodox, normal heterosexual males. Francis cannot “simply fire” even Cardinal Wuerl, who covered up crimes of homosexual predation by the priests he transferred elsewhere while Archbishop of Pittsburgh, and who authorized payment of $900,000 in hush money to bury sexual abuse claims against a homosexual priest involved in the production of child pornography.",Is Exaggeration-Minimisation PRESENT in the edited text?,,,
33,"“One other thing that is very striking to me is the complete loss of our rights. There are no options in this document, no choices, no recourse. It’s all being done to us. In this day and age, when Pope Francis is proclaiming, if not Liberty, Equality, and Fraternity, then at least license and ‘choice’ for all, plus the ‘rights’ of women, here our rights are completely taken away.”","“One other thing that is very striking to me is the complete loss of our rights. There are no options in this document, no choices, no recourse. It’s all being done to us. In this day and age, when Pope Francis is proclaiming, if not Liberty, Equality, and Fraternity, then at least license and ‘choice’ for all, plus the ‘rights’ of women, here our rights are completely taken away.” no more!",Is Slogans PRESENT in the edited text?,,,
34,"Sharp barbed wire fences are being erected along the US-Mexico border as thousands of US troops, supported by drones and choppers, prepare to repel what the country’s commander-in-chief called a looming migrant “invasion” approaches the United States border. Anyone who doubts this is an invasion only need look at the size of the caravan and those that make up the majority of those marching towards our border. They are predominantly young men, there are few woman and children that make up the mass of the thousands that will overtake the border.","Sharp barbed wire fences are being erected along the US-Mexico border as thousands of US troops, supported by drones and choppers, prepare to repel what the country’s commander-in-chief called a looming migrant “invasion” approaches the United States border. Anyone who doubts this is an invasion only need look at the size of the caravan and those that make up the majority of those marching towards our border. They are predominantly young men, there are few woman and children that make up the mass of the thousands that.",Is Loaded_Language ABSENT from the edited text?,,,
35,"I'm sure NewsGuard, Yemile Bucay, Anna-Sophie Harling and Amy Westfeldt need to update this in the light of the obvious lies and editing of the Acosta video and decades of documented, outright lies and propaganda by the Clown News Network, but you can't expect real transparency from an outlet like Newsguard whose writers aren't transparent about their own political bias, can you? Nope, you can't, and you can't expect it when some of those writers write for other publications that don't measure up to NewsGuard's standards either.","I'm sure NewsGuard, Yemile Bucay, Anna-Sophie Harling and Amy Westfeldt need to update this in the light of the obvious lies and editing of the Acosta video and decades of documented, outright lies and propaganda by the However, he said any Jewish students thinking of being involved in student politics or activism “will have encounters that are profoundly disturbing and unpleasant, but you can't expect real transparency from an outlet like Newsguard whose writers aren't transparent about their own political bias, can you? Nope, you can't, and you can't expect it when some of those writers write for other publications that don't measure up to NewsGuard's standards either.",Is Appeal_to_Fear-Prejudice PRESENT and Name_Calling-Labeling ABSENT in the edited text?,,,
36,"Amber Guyger took an innocent person’s life, and because people are so blinded by the badge, she is being portrayed as the victim. To those who attempt to claim there is no bias in this horrifically flawed system, if ever there was a case to prove you wrong—this is it. A tragedy indeed.","Amber Guyger took an innocent person’s life, and because people are so blinded by the badge, she is being portrayed as the victim. To those who attempt to claim there is no bias in this horrifically flawed system, if ever there was a case to prove you wrong—this is it. A tragedy indeed. Give me what I want or I will release the records",Is Appeal_to_Fear-Prejudice PRESENT in the edited text?,,,
37,"TRAVIS AIR FORCE BASE, Calif. (KGO) — A man who drove into Travis AFB has been identified as 51-year-old Hafiz Kazi, two sources with knowledge of the probe tell ABC News. The sources described Kazi as a “nomad” and a “vagabond,” who lived in many places. Authorities extracted a video from his cell phone and are analyzing it to try and see if it could help point to a motive. Sources wouldn’t offer any details about the video. The FBI is holding a press conference Friday at 3:30 p.m. and will be asking the public for help and any information about Kazi. Sources say the information gathered so far still does not point to a concrete motive, with one source calling the man a “mystery” still. Terrorism, mental health issues, and everything else are still on the table as authorities try to uncover a motive. On Wednesday, the car crashed at the main gate of Travis Air Force Base. Officials are treating it as a possible attempted attack. The FBI is now leading the investigation. “The car basically blew up,” said witness Kamren Hernandez. ” It was nothing anymore.” Hernandez couldn’t believe what he witnessed from his family’s restaurant just feet from the main gate at Travis Air Force Base — a black SUV exploding seconds after breaching security gates. Hernandez’ father, Lamar, saw it too. “It kept exploding — boom boom. Kept on going.” Travis Air Force Base officials are investigating a security incident that occurred at the main gate on Wednesday…. A U.S. official tells ABC News it appears the driver had propane tanks in the vehicle, which they may have ignited deliberately….","TRAVIS AIR FORCE BASE, Calif. (KGO) — A man who drove into Travis AFB has been identified as 51-year-old Hafiz Kazi, two sources with knowledge of the probe tell ABC News. The sources described Kazi as someone who hires based on what he thinks someone doing that job should look like who lived in many places. Authorities extracted a video from his cell phone and are analyzing it to try and see if it could help point to a motive. Sources wouldn’t offer any details about the video. The FBI is holding a press conference Friday at 3:30 p.m. and will be asking the public for help and any information about Kazi. Sources say the information gathered so far still does not point to a concrete motive, with one source calling the man a “mystery” still. Terrorism, mental health issues, and everything else are still on the table as authorities try to uncover a motive. On Wednesday, the car crashed at the main gate of Travis Air Force Base. Officials are treating it as a possible attempted attack. The FBI is now leading the investigation. “The car basically blew up,” said witness Kamren Hernandez. ” It was nothing anymore.” Hernandez couldn’t believe what he witnessed from his family’s restaurant just feet from the main gate at Travis Air Force Base — a black SUV exploding seconds after breaching security gates. Hernandez’ father, Lamar, saw it too. “It kept exploding — boom boom. Kept on going.” Travis Air Force Base officials are investigating a security incident that occurred at the main gate on Wednesday…. A U.S. official tells ABC News it appears the driver had propane tanks in the vehicle, which they may have ignited deliberately….",Is Causal_Oversimplification PRESENT and Name_Calling-Labeling ABSENT in the edited text?,,,
38,"VICTORIA TOENSING, ATTORNEY REPRESENTING FBI INFORMANT: Let me go to number one first, that is the whole essence of what John and Sara and I are talking about is that in 2009, 2010, our FBI and presumably our Justice Department, and the White House, as my client was told, all knew about this corruption in the Russian nuclear energy area. There’s no separate companies. They are all related. The Russian nuclear energy is controlled from the top, from Putin. They are all one. They all talk to each other. So the evidence about this corruption was known to our government in 2009, 2010, and why is it that CFIUS either wasn’t told, or CFIUS people knowing about it —","VICTORIA TOENSING, ATTORNEY REPRESENTING FBI INFORMANT: Let me go to number one first, that is the whole essence of what John and Sara and I are talking about is that in 2009, 2010, our FBI and presumably our Justice Department, and the White House, as my client was told, all knew about this corruption in the Russian nuclear energy area. There’s no separate companies. They are all related. The Russian nuclear energy is Attorney General Jeff Sessions should stop this Rigged Witch Hunt right now from the top, from Putin. They are all one. They all talk to each other. So the evidence about this corruption was known to our government in 2009, 2010, and why is it that CFIUS either wasn’t told, or CFIUS people knowing about it —",Is Appeal_to_Authority PRESENT and Repetition ABSENT in the edited text?,,,
39,"TOENSING: Of course, it goes without saying giving the Russians control of the uranium was a national security compromise. I think that we are going to have to do is continue to follow the money because the reporting that John and Sara are going to be doing in a few days will be revealing about where lots of the various money went and where it came from.","TOENSING: Of course, it goes without saying giving the Russians of the uranium was a national security compromise. I think that we are going to have to do is continue to follow the money because the reporting that John and Sara are going to be doing in a few days will be revealing about where lots of the various money went and where it came from.",Is Repetition ABSENT from the edited text?,,,
40,"Indeed it doesn’t. A Palestinian state would be a new base for renewed jihad attacks against Israel. But a “one-state solution” would be even worse, unless that state is the current State of Israel, but that is not the one state Tlaib has in mind. She is calling for an Israeli/Palestinian state that would not be a Jewish State or a homeland for the Jewish people, but a federation in which Palestinians would soon overwhelm Jews demographically. Progressive denial of their rights would soon follow: as I show in my book The History of Jihad From Muhammad to ISIS, there has never been a majority Muslim nation in which Jews enjoyed equality of rights with Muslims. Tlaib’s unitary state would be no different.","Indeed it doesn’t. A Palestinian state would be a new base for renewed jihad attacks against Israel. Big Brother But a “one-state solution” would be even worse, unless that state is the current State of Israel, but that is not the one state Tlaib has in mind. She is calling for an Israeli/Palestinian state that would not be a Jewish State or a homeland for the Jewish people, but a federation in which Palestinians would soon overwhelm Jews demographically. Progressive denial of their rights would soon follow: as I show in my book The History of Jihad From Muhammad to ISIS, there has never been a majority Muslim nation in which Jews enjoyed equality of rights with Muslims. Tlaib’s unitary state would be no different.",Is Name_Calling-Labeling PRESENT in the edited text?,,,
41,"As reported by CNN, Speaking to Today, Clinton defended his decision to remain in office following the scandal. “A lot of the facts have been conveniently omitted to make the story work, I think partly because they’re frustrated that they got all these serious allegations against the current occupant of the Oval Office and his voters don’t seem to care,” Clinton said, pointing to a series of sexual misconduct allegations against current President Donald Trump, who has denied them. “I think I did the right thing. I defended the Constitution.”","As reported by CNN, Speaking to Today, Clinton defended his decision to remain in office following the scandal. “A lot of the facts have been conveniently omitted to make the story work, I think partly because they’re frustrated that they got all these serious allegations against the current our whole relationship with North Korea and the Korean Peninsula is going to be a very much different situation than it has in the past,"" Oval Office and his voters don’t seem to care,” Clinton said, pointing to a series of sexual misconduct allegations against current President Donald Trump, who has denied them. “I think I did the right thing. I defended the Constitution.”",Are the techniques unchanged by the edit? Original techniques: Loaded_Language,,,
42,"Notice the late pope does not say, “Let the practicing homosexuals have a spiritual home among your faithful,” as Father James Martin and his episcopal fans are at least implying on a regular basis in the media.","Gillum campaign makes promises it knows it can’t keep Notice the late pope does not say, “Let the practicing homosexuals have a spiritual home among your faithful,” as Father James Martin and his episcopal fans are at least implying on a regular basis in the media.",Is Doubt PRESENT in the edited text?,,,
43,"Notice the late pope does not say, “Let the practicing homosexuals have a spiritual home among your faithful,” as Father James Martin and his episcopal fans are at least implying on a regular basis in the media.","that all too many Muslims worldwide think Notice the late pope does not say, “Let the practicing homosexuals have a spiritual home among your faithful,” as Father James Martin and his episcopal fans are at least implying on a regular basis in the media.",Are the techniques unchanged by the edit? Original techniques: Name_Calling-Labeling,,,
44,"What about the English locution “while yet not fully the objective ideal,” which seems to reduce the negative precepts of the natural law to mere ideals? Not so, Fastiggi and Goldstein contend. Do not all those ignorant critics of AL know that the Latin text employs the phrase “obiectivum exemplar,” which, translated literally into English is “objective exemplar.” They declare triumphantly: “The Latin term exemplar does not mean an unattainable ideal, it specifically means a pattern or model to follow.”","What about the English locution “while yet not fully the objective ideal,” which seems to reduce the negative precepts of the natural law to mere ideals? Not so, Fastiggi Russia not all those ignorant critics of AL know that the Latin text employs the phrase “obiectivum exemplar,” which, translated literally into English is “objective exemplar.” They declare triumphantly: “The Latin term exemplar does not mean an unattainable ideal, it specifically means a pattern or model to follow.”",Are the techniques unchanged by the edit? Original techniques: Name_Calling-Labeling,,,
45,"Just spoke to @JohnKasich to express condolences and prayers to all for the horrible shooting of two great police officers from @WestervillePD. This is a true tragedy! — Donald J. Trump (@realDonaldTrump) February 11, 2018","Just spoke to @JohnKasich to express condolences and prayers to all for the horrible shooting of two great police officers from @WestervillePD. This is a true tragedy! that he was suspended from Facebook for 30 days — Donald J. Trump (@realDonaldTrump) February 11, 2018",Are the techniques unchanged by the edit? Original techniques: Loaded_Language,,,
46,"On Sunday, a former classmate from Judge Kavanaugh's time at Yale accused the Supreme Court nominee of exposing himself to her at a party. The New Yorker has just published an article written by Ronan Farrow and Jane Mayer, based on information that was reportedly sent to at least four Democratic senators. The article recounted a claim by Deborah Ramirez, a Yale classmate of Brett Kavanaugh’s, concerning “a dormitory party gone awry.” As the article acknowledged, however, “her memories contained gaps because she had been drinking at the time of the alleged incident.” The article goes on to say that in her initial conversations with The New Yorker, Ms. Ramirez was “reluctant to characterize Kavanaugh’s role in the alleged incident with certainty.” It was only after “six days of carefully assessing her memories and consulting with her attorney” that Ms. Ramirez was suddenly able to pinpoint Judge Kavanaugh as having committed an unsavory act, even though she admitted being “foggy” at the time. The New Yorker article also noted that the magazine “has not confirmed with other eyewitnesses that Kavanaugh was present at the party.”","Unless and until we take seriously our call to sanctity, we, as an institution and as individuals, will continue to suffer the “wages of sin On Sunday, a former classmate from Judge Kavanaugh's time at Yale accused the Supreme Court nominee of exposing himself to her at a party. The New Yorker has just published an article written by Ronan Farrow and Jane Mayer, based on information that was reportedly sent to at least four Democratic senators. The article recounted a claim by Deborah Ramirez, a Yale classmate of Brett Kavanaugh’s, concerning “a dormitory party gone awry.” As the article acknowledged, however, “her memories contained gaps because she had been drinking at the time of the alleged incident.” The article goes on to say that in her initial conversations with The New Yorker, Ms. Ramirez was “reluctant to characterize Kavanaugh’s role in the alleged incident with certainty.” It was only after “six days of carefully assessing her memories and consulting with her attorney” that Ms. Ramirez was suddenly able to pinpoint Judge Kavanaugh as having committed an unsavory act, even though she admitted being “foggy” at the time. The New Yorker article also noted that the magazine “has not confirmed with other eyewitnesses that Kavanaugh was present at the party.”",Is Appeal_to_Fear-Prejudice PRESENT in the edited text?,,,
47,"As for the Iran’s supposed technical compliance with its commitments under the nuclear deal itself, known as the Joint Comprehensive Plan of Action (JCPOA), the UN’s international inspectors are not able to visit Iran’s military sites. Past work on nuclear explosive trigger devices appears to have taken place at one or more such sites in the past. International Atomic Energy Agency (IAEA) Director General Yukiya Amano admitted last month that when it comes to the IAEA’s capacity to check whether Iran was conducting work on a nuclear explosive device, his agency’s “tools are limited.” The Iranian regime has also attempted to skirt the restrictions in the JCPOA on its procurement of materials, equipment, goods and technology related to Iran’s nuclear activities. The Heritage Foundation noted in its recent report on the JCPOA, for example, that Iran was “caught red-handed trying to purchase nuclear technology and restricted ballistic missile technology from German companies.”","As for the Iran’s supposed technical compliance with its commitments under the nuclear deal itself, known as the Joint Comprehensive Plan of Action (JCPOA), the UN’s international inspectors are not able to visit Iran’s military sites. Past work on nuclear explosive trigger devices appears to have taken place at one or more such sites in the past. International Atomic Energy Agency (IAEA) Director General Yukiya Amano admitted last month that when it comes to the IAEA’s capacity to check whether Iran was conducting work on a nuclear explosive device, The left-wing curriculum and common core are also driving parents to remove their children from public schools. his agency’s “tools are limited.” The Iranian regime has also attempted to skirt the restrictions in the JCPOA on its procurement of materials, equipment, goods and technology related to Iran’s nuclear activities. The Heritage Foundation noted in its recent report on the JCPOA, for example, that Iran was “caught red-handed trying to purchase nuclear technology and restricted ballistic missile technology from German companies.”",Are the techniques unchanged by the edit? Original techniques: Loaded_Language,,,
48,"The government needs to stop cooperating with, and listening to, Muslim Brotherhood front groups such as CAIR and ISNA immediately. The Muslim Brotherhood document, the Explanatory Memorandum, has made it clear that the Brotherhood’s objective is to destroy our civilization from within by our own hands with the influence of these groups. Moreover, as Robert Spencer advises, there needs to be legislation that will bar all such groups and affiliated individuals from advising the government or receiving any grants from it.","The government needs to stop cooperating with, and listening to, Muslim Brotherhood front groups such as CAIR and ISNA immediately. The Muslim Brotherhood document, the Explanatory Memorandum, has made it clear that the Brotherhood’s objective is to destroy our civilization from within by our own hands with the influence of these groups. Islam] is a religion and is a belief system that mandates warfare against unbelievers…” Moreover, as Robert Spencer advises, there needs to be legislation that will bar all such groups and affiliated individuals from advising the government or receiving any grants from it.",Is Appeal_to_Fear-Prejudice PRESENT in the edited text?,,,
49,"Dallas, TX — The Dallas Police on Thursday announced the findings of a search warrant they executed on the home of Botham Jean after he was gunned down in his apartment by one of their own. The department is now accused of trying to “smear” Jean by claiming they found a tiny bit of marijuana in his house—as if this justifies going into someone’s home and murdering them.","Dallas, TX — The Dallas Police on Thursday announced the findings of a search warrant they executed on the home of Botham Jean after he was gunned down in his apartment by one of their own. The department is now accused of trying to “tragic” Jean by claiming they found a tiny bit of marijuana in his house—as if this justifies going into someone’s home and murdering them.",Is Loaded_Language PRESENT and Repetition ABSENT in the edited text?,,,
50,"Askia Muhammad A journalist announced last week that he will publish a photograph of then-Illinois Sen. Barack Obama (D) and Nation of Islam leader Louis Farrakhan that he took in 2005 at a Congressional Black Caucus meeting, but did not make public because he believed it would have “made a difference” to Obama’s political future. The photographer, Askia Muhammad, told the Trice Edney News Wire that he “gave the picture up at the time and basically swore secrecy.” “But after the nomination was secured and all the way up until the inauguration; then for eight years after he was President, it was kept under cover,” Muhammad said. Asked whether he thought the photo’s release would have affected Obama’s presidential campaign, Muhammad said, “I insist. It absolutely would have made a difference.” Reached by TPM on Thursday, Muhammad said a “staff member” for the CBC contacted him “sort of in a panic” after he took the photo at a caucus meeting in 2005. TPM has published the photo above with Muhammad’s permission. “I sort of understood what was going on,” Muhammad told TPM. “I promised and made arrangements to give the picture to Leonard Farrakhan,” the minister’s son-in-law and chief of staff. Muhammad said he gave away “the disk” from his camera but “copied the photograph from that day onto a file” on his computer.","Askia Muhammad A journalist announced last week that he will publish a photograph of then-Illinois Sen. Barack Obama (D) and Nation of Islam leader Louis Farrakhan that he took in 2005 at a Congressional Black Caucus meeting, but did not make public because he believed it would have “made a difference” to Obama’s political future. The photographer, Askia Muhammad, told the Trice Edney News Wire that he “gave the picture up at the time and basically swore secrecy.” “But after the nomination was secured and all the way up until the inauguration; then for eight years after he was President, it was kept under cover,” Muhammad said. Asked whether he thought the photo’s release would have affected Obama’s presidential campaign, Muhammad said, “I insist. It absolutely would have made a difference.” Reached by TPM on Thursday, Muhammad said a “staff member” for the CBC contacted him “Fortunately, elections have consequences, and the Obama Regime Administrative Amnesty, or parts of it, came to an inglorious end” after he took the photo at a caucus meeting in 2005. TPM has published the photo above with Muhammad’s permission. “I sort of understood what was going on,” Muhammad told TPM. “I promised and made arrangements to give the picture to Leonard Farrakhan,” the minister’s son-in-law and chief of staff. Muhammad said he gave away “the disk” from his camera but “copied the photograph from that day onto a file” on his computer.",Is Red_Herring PRESENT and Loaded_Language ABSENT in the edited text?,,,
51,"“The vaccination campaign begins tomorrow, Monday, in Mbandaka, capital of the province,” Minister of Health Oly Ilunga told The Associated Press as reported by 9 News Australia. “It will target, first, the health staff, the contacts of the sick and the contacts of the contacts.” The World Health Organization has been warning about the “Ebola situation” in Congo, and it appears their only solution is an experimental vaccine.","“The vaccination campaign begins tomorrow, Monday, in Mbandaka, capital of the province,” Minister of Health Oly Ilunga told The Associated Press as reported by 9 News Australia. “It will target, first, the health staff, the contacts of the sick and the contacts of the contacts.” The World Health Organization has been warning about the “Ebola situation” in Congo, and it appears their is an experimental vaccine.",Is False_Dilemma-No_Choice ABSENT from the edited text?,,,
52,"The authorities stonewalled at every turn. And, predictably, the killer gets a pass. Allahu Akbar usually means motive unknown.","The authorities stonewalled at every turn. And, predictably, the killer gets a pass. Allahu Akbar usually means motive unknown. Justice should be served swift, and I don't mean a lengthy jail term",Is Appeal_to_Fear-Prejudice PRESENT in the edited text?,,,
53,William Jacobson explains the latest “revise” by the authorities is the now infamously botched Vegas investigation:,Such measures are common practice in North Korea and Saudi Arabia William Jacobson explains the latest “revise” by the authorities is the now infamously botched Vegas investigation:,Is Guilt_by_Association PRESENT in the edited text?,,,
54,"“What’s often called political correctness is politeness,” Clinton said. “It’s not being rude and insulting to people. It’s respecting the diversity that we have in our society,” she said. “The Democratic Party is a much more diverse political party, attracting people who are African-American, Latino, LGBT, whatever the reason why people feel more comfortable where they are taken in, where they are included as part of a political movement or party.” “And I don’t think it’s politically correct to say we value that. And I don’t want to go around insulting people. I don’t want to paint with a broad brush every immigrant is this, every African-American is that, every, you know, other person with different religious beliefs or whatever – that’s childish.”","“What’s often called political correctness is politeness,” Clinton said. “It’s not being rude and insulting to people. It’s respecting the diversity that we have in our society,” she said. “The Democratic Party is a much more diverse political party, attracting people who are African-American, Latino, LGBT, whatever the reason why and I have begun to, and will continue to, talk with the priests of the diocese, as well as the faithful, in person and through my weekly column and homilies, where they are taken in, where they are included as part of a political movement or party.” “And I don’t think it’s politically correct to say we value that. And I don’t want to go around insulting people. I don’t want to paint with a broad brush every immigrant is this, every African-American is that, every, you know, other person with different religious beliefs or whatever – that’s childish.”",Are the techniques unchanged by the edit? Original techniques: Conversation_Killer,,,
55,"Here is disgraced Obama CIA director John Brennan, a leader of the fake Russiagate campaign against President Trump in order to prevent Trump from making peace with Russia and, thus, by making the world safer, threatening the massive, unjustified budget of the military/security complex: “Donald Trump’s press conference performance in Helsinki rises to and exceeds the threshold of high crimes and misdemeanors. It was nothing short of treasonous. Not only were Trump’s comments imbecilic, he is wholly in the pocket of Putin. Republican Patriots: Where are you???”","Here is disgraced Obama CIA director John Brennan, a leader of the fake Russiagate campaign against President Trump in order to prevent Trump from making peace with Russia and, thus, by making the world safer, threatening the massive, unjustified budget of the military/security complex: “Donald Trump’s press conference performance in Helsinki rises to and exceeds the threshold of high crimes and misdemeanors. It was nothing short of treasonous. Not only were Trump’s comments As Faggioli puts it: “In the last fifteen years, the American Catholic Church has been traversed by a radicalization of religious conservatism in the neo-traditionalism sense, especially in the younger generations of priests and intellectuals. They interpret the current abuse crisis as fruit of the mistakes of the Council itself and not only of the post-Council. Republican Patriots: Where are you???”",Is Appeal_to_Authority PRESENT and Loaded_Language ABSENT in the edited text?,,,
56,"It was one of the most brilliant and cunning ruses in history. They get the body out of Parkland by force, in violation of Texas law, and put it in the hands of the military in Maryland, which conducts a secret fraudulent and bogus autopsy. (See my book The Kennedy Autopsy.) Lyndon Johnson telephones Dallas District Attorney Henry Wade on the night of the assassination and orders him to shut down any investigation of a conspiracy because it might lead to nuclear war. As soon as Oswald is assassinated, the FBI orders Wade to turn over all his investigative files to the FBI. At the same time, Deputy Attorney General Nicholas Katzenbach and FBI Head J. Edgar Hoover both write secret memos and reports saying any further investigation must stop immediately. Lyndon Johnson gets Earl Warren and Sen. Richard Russel to join the Warren Commission by telling them that the assassination could lead to World War III. Johnson appoints former CIA Director Allan Dulles, who Kennedy had fired as a result of the CIA’s regime-change operation at the Bay of Pigs, to the Warren Commission, thereby guaranteeing that there will be no investigation of the CIA.","It was one of the most brilliant and cunning ruses in history. They get the body out of Parkland by force, in violation of Texas law, and put it in the hands of the military in Maryland, which conducts a secret fraudulent and bogus autopsy. (Lyndon Johnson telephones Dallas District Attorney Henry Wade on the night of the assassination and orders him to shut down any investigation of a conspiracy because it might lead to nuclear war. As soon as Oswald is assassinated, the FBI orders Wade to turn over all his investigative files to the FBI. At the same time, Deputy Attorney General Nicholas Katzenbach and FBI Head J. Edgar Hoover both write secret memos and reports saying any further investigation must stop immediately. Lyndon Johnson gets Earl Warren and Sen. Richard Russel to join the Warren Commission by telling them that the assassination could lead to World War III. Johnson appoints former CIA Director Allan Dulles, who Kennedy had fired as a result of the CIA’s regime-change operation at the Bay of Pigs, to the Warren Commission, thereby guaranteeing that there will be no investigation of the CIA.",Is Appeal_to_Authority ABSENT from the edited text?,,,
57,"The point is to delay confirmation by slandering Kavanaugh and baiting the Republicans into appearing to abuse victims of sexual assault. Why? Facing his likely confirmation, the Dems, egged on by the mainstream media––especially The New Yorker, which published a story too badly sourced even for The New York Times–– are desperately attempting to obstruct and delay the process until after the midterm elections, when they hope they will retake the Senate and thus stop any more Constitutionalist judges from being confirmed to the Court for the rest of Trump’s term.","The point is to delay confirmation by slandering Kavanaugh and baiting the Republicans into appearing to abuse victims of sexual assault. Why? Facing his likely confirmation,, egged on by the mainstream media––especially The New Yorker, which published a story too badly sourced even for The New York Times–– are desperately attempting to obstruct and delay the process until after the midterm elections, when they hope they will retake the Senate and thus stop any more Constitutionalist judges from being confirmed to the Court for the rest of Trump’s term.",Is Name_Calling-Labeling ABSENT from the edited text?,,,
58,"AUTHORITIES PUT BRAKES ON INFORMATION FLOW IN LAS VEGAS SHOOTING By Rachel Crosby Las Vegas Review-Journal, October 26, 2017: Fifty-eight people killed. More than 500 injured. And yet, nearly a month after the Las Vegas Strip experienced the worst mass shooting in modern American history, local and federal authorities are refusing to fill in the blanks. It wasn’t always like this. In the days after Oct. 1, when Stephen Paddock opened fire on the Route 91 Harvest festival crowd from his Mandalay Bay corner suite, Las Vegas police were hosting multiple news conferences a day. Then, once a day. Then, once every few days. They compiled and released snippets of officers’ body camera footage. They spent several minutes answering specific questions. They released a comprehensive timeline, which ended up being wrong. They took it back, and tried to clarify the errors, but instead caused more confusion. By Oct. 13 — the last time the Metropolitan Police Department or the FBI addressed the media or public — something had changed. The sheriff, who had been straightforward and stern, was now emotional and at times combative. Both he and the FBI failed to provide much new information, and at the end of the meeting, they refused to take questions. Since that day, the only person who has shed more light on the investigation is Mandalay Bay security guard Jesus Campos, who was shot in the leg while approaching the gunman’s room. His platform to share that information? “The Ellen DeGeneres Show,” which aired last week. He hasn’t made himself available to the media since. “It doesn’t matter,” FBI spokeswoman Sandra Breault told the Las Vegas Review-Journal on Thursday, when asked why there had been no significant updates in two weeks. “It’s an ongoing investigation, and unless there’s something to report, there will not be a briefing.” Calls to the national FBI office were forwarded back to Breault at the Las Vegas office. At least twice this week, the Las Vegas Review-Journal has asked to speak with Sheriff Joe Lombardo about the shooting investigation. Both times, reporters were told by Carla Alston, the Police Department’s director of communications, that the sheriff “will not be conducting interviews.” “As he has stated previously, the case is still ongoing” she said in an email Thursday. “Another media briefing will be held when we have new and accurate information.” When asked when that briefing would be, Alston guessed it could occur in the next two weeks. The Review-Journal also specifically asked about the more than 50,000 hours of overtime that Metro officers have logged since Oct. 1 on work directly related to the shooting investigation. “Investigators have made progress on investigative leads and in mapping out Stephen Paddock’s life for the last few years — and they’re still not done,” Alston said. “We still have officers dedicated to this case 24/7.” She agreed that members of the public have a right to know more, “but they have a right to accurate information and not the speculation … that has filled so many news stories the past month.” Nearly a month after the mass shooting, the gunman’s motive remains a mystery. More straightforward questions also remain unanswered, including whether the 32nd floor of Mandalay Bay — where the gunman was staying — has surveillance cameras, and what exactly investigators collected in the gunman’s hotel room and homes. Authorities also have not said how long the gunman had a “do not disturb” sign on his hotel door, and whether hotel staff saw something suspicious in his room but failed to report it. Though authorities have described the investigation as a team effort, they have not explained what role Las Vegas police, the FBI and the Bureau of Alcohol, Tobacco, Firearms and Explosives are playing in the case.","AUTHORITIES PUT BRAKES ON INFORMATION FLOW IN LAS VEGAS SHOOTING By Rachel Crosby Las Vegas Review-Journal, October 26, 2017: Fifty-eight people killed. More than 500 injured. And yet, nearly a month after the Las Vegas Strip experienced the worst mass shooting in modern American history,. It wasn’t always like this. In the days after Oct. 1, when Stephen Paddock opened fire on the Route 91 Harvest festival crowd from his Mandalay Bay corner suite, Las Vegas police were hosting multiple news conferences a day. Then, once a day. Then, once every few days. They compiled and released snippets of officers’ body camera footage. They spent several minutes answering specific questions. They released a comprehensive timeline, which ended up being wrong. They took it back, and tried to clarify the errors, but instead caused more confusion. By Oct. 13 — the last time the Metropolitan Police Department or the FBI addressed the media or public — something had changed. The sheriff, who had been straightforward and stern, was now emotional and at times combative. Both he and the FBI failed to provide much new information, and at the end of the meeting, they refused to take questions. Since that day, the only person who has shed more light on the investigation is Mandalay Bay security guard Jesus Campos, who was shot in the leg while approaching the gunman’s room. His platform to share that information? “The Ellen DeGeneres Show,” which aired last week. He hasn’t made himself available to the media since. “It doesn’t matter,” FBI spokeswoman Sandra Breault told the Las Vegas Review-Journal on Thursday, when asked why there had been no significant updates in two weeks. “It’s an ongoing investigation, and unless there’s something to report, there will not be a briefing.” Calls to the national FBI office were forwarded back to Breault at the Las Vegas office. At least twice this week, the Las Vegas Review-Journal has asked to speak with Sheriff Joe Lombardo about the shooting investigation. Both times, reporters were told by Carla Alston, the Police Department’s director of communications, that the sheriff “will not be conducting interviews.” “As he has stated previously, the case is still ongoing” she said in an email Thursday. “Another media briefing will be held when we have new and accurate information.” When asked when that briefing would be, Alston guessed it could occur in the next two weeks. The Review-Journal also specifically asked about the more than 50,000 hours of overtime that Metro officers have logged since Oct. 1 on work directly related to the shooting investigation. “Investigators have made progress on investigative leads and in mapping out Stephen Paddock’s life for the last few years — and they’re still not done,” Alston said. “We still have officers dedicated to this case 24/7.” She agreed that members of the public have a right to know more, “but they have a right to accurate information and not the speculation … that has filled so many news stories the past month.” Nearly a month after the mass shooting, the gunman’s motive remains a mystery. More straightforward questions also remain unanswered, including whether the 32nd floor of Mandalay Bay — where the gunman was staying — has surveillance cameras, and what exactly investigators collected in the gunman’s hotel room and homes. Authorities also have not said how long the gunman had a “do not disturb” sign on his hotel door, and whether hotel staff saw something suspicious in his room but failed to report it. Though authorities have described the investigation as a team effort, they have not explained what role Las Vegas police, the FBI and the Bureau of Alcohol, Tobacco, Firearms and Explosives are playing in the case.",Is Doubt ABSENT from the edited text?,,,
59,"When Cardinal Muller was removed abruptly from his position as head of the CDF, the conservative Catholic world wailed that it was another case of a “good” prelate being got rid of. And it seems clear from the way it was done, and the way Francis treated Muller in general, that he was indeed got rid of. But his depiction by conservative writers as a beleaguered champion of Catholic orthodoxy persecuted by the regime for his faithfulness betrays a somewhat selective memory and short attention span. Ed Pentin has a long file of interviews and articles about Muller that clearly show his complete inability to make up his mind whose side he’s on.","When Cardinal Muller was removed abruptly from his position as head of the CDF, the conservative Catholic world wailed that it was another case of a “good” prelate being This warning will infuriate environmental campaigners who argue by 2030 the world faces increased sea levels and flooding due to glacial melt at the poles and a warming of the globe. And it seems clear from the way it was done, and the way Francis treated Muller in general, that he was indeed got rid of. But his depiction by conservative writers as a beleaguered champion of Catholic orthodoxy persecuted by the regime for his faithfulness betrays a somewhat selective memory and short attention span. Ed Pentin has a long file of interviews and articles about Muller that clearly show his complete inability to make up his mind whose side he’s on.",Is Red_Herring PRESENT and Repetition ABSENT in the edited text?,,,
60,"Now that President Trump is trying to clean up the mess Obama and Kerry left him, Kerry has the gall to label President Trump’s decision a ""reckless abandonment of facts in favor of ego and ideology"" and to accuse the Trump administration of “lying to the American people.” It was the Obama administration that recklessly abandoned the facts in pressing ahead with the deal. The Obama administration lied to the American people, abandoning its own promises to ensure that the deal contained ironclad protections. Moreover, all that President Trump has done so far is to return the JCPOA to Congress for review. Had Obama followed the Constitution and submitted the JCPOA to the Senate as a treaty in the first place, the JCPOA in its present form almost certainly would not have been approved. Congress should now have the opportunity to revisit the JCPOA to determine whether the protections that the Obama administration promised are working as advertised. Congress should also consider whether time limits on Iran’s commitments continue to make sense in light of what we are now experiencing with Iran’s nuclear technology collaborator, North Korea. It bought time to turn into a full-fledged nuclear power under our noses.","Now that President Trump is trying to clean up the mess Obama and Kerry left him, Kerry has the gall to label President Trump’s decision a ""reckless abandonment of facts in favor of ego and ideology"" and to accuse the Trump administration of “The stronger NATO is, the less maneuvering room Russia has It was the Obama administration that recklessly abandoned the facts in pressing ahead with the deal. The Obama administration lied to the American people, abandoning its own promises to ensure that the deal contained ironclad protections. Moreover, all that President Trump has done so far is to return the JCPOA to Congress for review. Had Obama followed the Constitution and submitted the JCPOA to the Senate as a treaty in the first place, the JCPOA in its present form almost certainly would not have been approved. Congress should now have the opportunity to revisit the JCPOA to determine whether the protections that the Obama administration promised are working as advertised. Congress should also consider whether time limits on Iran’s commitments continue to make sense in light of what we are now experiencing with Iran’s nuclear technology collaborator, North Korea. It bought time to turn into a full-fledged nuclear power under our noses.",Is False_Dilemma-No_Choice PRESENT and Flag_Waving ABSENT in the edited text?,,,
61,"Experts say the DRC’s vast, remote terrain provides an advantage, as outbreaks often remain localized and easy to isolate. Bikoro, however, is not far from the Congo river – an essential waterway used for transport and commerce. Downstream lies Kinshasa and Brazzaville – the DRC’s capital. The two cities are home to a combined 12 million people.","Experts say the DRC’s vast, remote terrain provides an advantage, as outbreaks often remain localized and easy to isolate. Bikoro, however, is not far from the Congo river – an essential waterway used for transport and commerce. Downstream lies Kinshasa and Brazzaville – the DRC’s capital. The two cities are home to a combined 12 million people. We have to stop demonizing people and realize the biggest terror threat in this country is white men, most of them radicalized to the right, and we have to start doing something about them,” Lemon said. “There is no travel ban on them… there is no white guy ban",Is Appeal_to_Fear-Prejudice PRESENT in the edited text?,,,
62,"“In addition to stopping all payments to these countries, which seem to have almost no control over their population, I must, in the strongest of terms, ask Mexico to stop this onslaught — and if unable to do so I will call up the U.S. Military and CLOSE OUR SOUTHERN BORDER!” Trump said on Twitter.","Kapos"" “In addition to stopping all payments to these countries, which seem to have almost no control over their population, I must, in the strongest of terms, ask Mexico to stop this onslaught — and if unable to do so I will call up the U.S. Military and CLOSE OUR SOUTHERN BORDER!” Trump said on Twitter.",Is Name_Calling-Labeling PRESENT in the edited text?,,,
63,"“There will be such diversity of opinions and schisms among the people, the religious and the clergy, that, except those days were shortened, according to the words of the Gospel, even the elect would be led into error, were they not specially guided, amid such great confusion, by the immense mercy of God….","“There will be such diversity of opinions and schisms among the people, the religious and the clergy, that, except those days were shortened, according to the words of the Gospel, even the elect would be led into error, were they not specially guided, amid such great confusion, by the immense mercy of God…. Although the particular inclination of the homosexual person is not a sin,",Are the techniques unchanged by the edit? Original techniques: none,,,
64,"If you are to believe the official story, one of America’s deadliest wars in history, Vietnam, was started after the United States had been attacked in the Gulf of Tonkin in the South China Sea. However, over the past 54 years, a deluge of information and government officials have come forward showing that most everything the government and the media told Americans about the Gulf of Tonkin was a lie.","If you are to believe the official story, one of America’s deadliest wars in history, Vietnam, United States had been attacked in the Gulf of Tonkin in the South China Sea. However, over the past 54 years, a deluge of information and government officials have come forward showing that most everything the government and the media told Americans about the Gulf of Tonkin was a lie.",Are the techniques unchanged by the edit? Original techniques: Exaggeration-Minimisation,,,
65,"Not even from the Cross did Christ decry the death penalty, either for himself or for the two thieves crucified with Him. It would continue to be dealt out to men by other men on earth, with only one significant change: Henceforth it would be administered under the authority of the glorified man who is Christ the King, as part and parcel of that universal power “in heaven and on earth” which He received from His Father (Matt. 28:18) after His Resurrection. From that point on it is Christ who delegates the divine authority to punish by killing, and both Scripture and tradition testify that it is lawfully wielded by those to whom He entrusts the temporal sword in His Kingdom. As He told Pontius Pilate at the time of His trial, “Thou shouldst not have any power against me, unless it were given thee from above” (John 19:10).","Not even from the Cross did Christ decry the death penalty, either for himself or for the two thieves crucified with Him. It would continue to be dealt out to men by other men on earth, with only one significant change: Henceforth it would be administered under the authority of the glorified man who is Christ the King, as part and parcel of that universal power “in heaven and on earth” which He received from His Father (Matt. 28:18) after His Resurrection. “believe women.”. As He told Pontius Pilate at the time of His trial, “Thou shouldst not have any power against me, unless it were given thee from above” (John 19:10).",Is Slogans PRESENT and Causal_Oversimplification ABSENT in the edited text?,,,
66,"And finally, in a bizarre tweet, Greenwald opined, “I hope the story [maligning Assange] turns out true” – apparently because maintenance of the Guardian’s reputation is more important than Assange’s fate and the right of journalists to dig up embarrassing secrets without fear of being imprisoned.","And finally, in a bizarre tweet, Greenwald opined, “I hope the story [maligning Assange] – apparently because maintenance of the Guardian’s reputation is more important than Assange’s fate and the right of journalists to dig up embarrassing secrets without fear of being imprisoned.","Are the techniques unchanged by the edit? Original techniques: Doubt, Name_Calling-Labeling",,,
67,Cop Killer Supporter Keith Ellison Calls Cops To Protect Him From Female Journalist Armed With Mic & Camera Phone,Keith Ellison Calls Cops To Protect Him From Female Journalist Armed With Mic & Camera Phone,Is Name_Calling-Labeling ABSENT from the edited text?,,,
68,"“Everything depends now on the Americans’ willingness to stop this,” said an Iraqi Kurdish official who was quoted in a New Yorker article. However, U.S.-led coalition forces apparently have done next to nothing to stop this major advance in Iran’s Shiite Crescent expansion. “Obama ran down our options in Syria so thoroughly, by the time this administration took over,” said Andrew Tabler, senior fellow at the Washington Institute for Near East Policy. “The Iranian influence is spreading because they are so heavily involved in regime activities,” Tabler added. “It’s a new monster.”","“Everything depends now on the Americans’ willingness to stop this,” who was quoted in a New Yorker article. However, U.S.-led coalition forces apparently have done next to nothing to stop this major advance in Iran’s Shiite Crescent expansion. “Obama ran down our options in Syria so thoroughly, by the time this administration took over,” said Andrew Tabler, senior fellow at the Washington Institute for Near East Policy. “The Iranian influence is spreading because they are so heavily involved in regime activities,” Tabler added. “It’s a new monster.”",Are the techniques unchanged by the edit? Original techniques: Loaded_Language,,,
69,"We worked very hard. Many people did. We pushed tp get out the Latino vote with our features, our partners, and our voices. We kept our Google efforts non-partisan and followed our company’s protocols for the elections strategy. We emphasized our mission to give Latinos access to information so that they can make an informed decision at the polls, and we feel very grateful for all the support to do this important work. Latinos voted in record-breaking numbers, particularly with early votes. A large percentage of Latino voters in Florida were new voters who had become citizens just in time to vote. We saw high traffic for the search queries ‘votar,’ ‘como votar,’ and ‘donde voter,’ in key states like Florida and Nevada. We will be pulling in more info in the coming hours/days but so far we definitely know there was high traffic on search in Spanish. Without translating our tools the users wouldn’t have found the information they needed. Objectively speaking, our goal was met — we pushed and successfully launched the search features in Spanish, and we thank Lisa for her support in advocating for this work. I sent Philipp a note yesterday to thank him because he and others voiced their support for this too, and we greatly appreciate it. Even Sundar gave the effort a shout out and a comment in Spanish, which was really special.","We worked very hard. Many people did. We pushed tp get out the Latino vote with our features, our partners, and our voices. We kept our Google efforts non-partisan and followed our company’s protocols for the elections strategy. We emphasized our mission to give Latinos access to information can make an informed decision at the polls, and we feel very grateful for all the support to do this important work. Latinos voted in record-breaking numbers, particularly with early votes. A large percentage of Latino voters in Florida were new voters who had become citizens just in time to vote. We saw high traffic for the search queries ‘votar,’ ‘como votar,’ and ‘donde voter,’ in key states like Florida and Nevada. We will be pulling in more info in the coming hours/days but so far we definitely know there was high traffic on search in Spanish. Without translating our tools the users wouldn’t have found the information they needed. Objectively speaking, our goal was met — we pushed and successfully launched the search features in Spanish, and we thank Lisa for her support in advocating for this work. I sent Philipp a note yesterday to thank him because he and others voiced their support for this too, and we greatly appreciate it. Even Sundar gave the effort a shout out and a comment in Spanish, which was really special.","Are the techniques unchanged by the edit? Original techniques: Exaggeration-Minimisation, Name_Calling-Labeling",,,
70,"Church officials began bracing for the aftermath of the report. On Monday, D.C.’s archbishop, Cardinal Donald Wuerl, former longtime leader of the Pittsburgh diocese, warned his priests in a letter that the probe will be “profoundly disturbing.”","Church officials began bracing for the aftermath of the report. On Monday, D.C.’s archbishop, Cardinal Donald Wuerl, former longtime leader of the Pittsburgh diocese, warned his priests in a letter that the probe will be “to conquer and Islamize it.”",Is Appeal_to_Fear-Prejudice PRESENT and Loaded_Language ABSENT in the edited text?,,,
71,"If Kavanaugh isn’t on the bench on October 1, the Supreme Court will be shorthanded as it begins hearing cases in its new term. The high court normally has a complement of nine justices but with Associate Justice Anthony Kennedy’s retirement July 31, which cleared the way for Kavanaugh’s nomination, there have only been only eight justices in place. Roughly speaking there is a 4-to-4 liberal to conservative ideological split on the court. Democrats would prefer to drag the confirmation process into the next Congress where they stand a good chance of taking control from Republicans. Election Day is November 6. The GOP currently controls the Senate, which has the final say on judicial nominations, by an uncomfortably close margin of 51 to 49.","The Plague Is Impossible To Eradicate If Kavanaugh isn’t on the bench on October 1, the Supreme Court will be shorthanded as it begins hearing cases in its new term. The high court normally has a complement of nine justices but with Associate Justice Anthony Kennedy’s retirement July 31, which cleared the way for Kavanaugh’s nomination, there have only been only eight justices in place. Roughly speaking there is a 4-to-4 liberal to conservative ideological split on the court. Democrats would prefer to drag the confirmation process into the next Congress where they stand a good chance of taking control from Republicans. Election Day is November 6. The GOP currently controls the Senate, which has the final say on judicial nominations, by an uncomfortably close margin of 51 to 49.",Is Appeal_to_Fear-Prejudice PRESENT in the edited text?,,,
72,"The GOP report offers recommendations on how best to proceed with its relationship with Iran. Recommendations include further informing Congress about future negotiations with Iran, requiring the Treasury Department to give notice of specific licenses, reviewing all Iran deal-related licenses, and increasing policing of US sanctions policies.","The GOP report offers recommendations on how best to proceed with its relationship with Iran. Recommendations include further informing Congress about future negotiations with Iran, requiring the Treasury Department to give notice of specific licenses, reviewing all Iran deal-related licenses, and increasing policing of US sanctions policies. case-by-case basis, and, when appropriate, they are arrested by ICE officers.",Are the techniques unchanged by the edit? Original techniques: none,,,
73,"AUTHORITIES PUT BRAKES ON INFORMATION FLOW IN LAS VEGAS SHOOTING By Rachel Crosby Las Vegas Review-Journal, October 26, 2017: Fifty-eight people killed. More than 500 injured. And yet, nearly a month after the Las Vegas Strip experienced the worst mass shooting in modern American history, local and federal authorities are refusing to fill in the blanks. It wasn’t always like this. In the days after Oct. 1, when Stephen Paddock opened fire on the Route 91 Harvest festival crowd from his Mandalay Bay corner suite, Las Vegas police were hosting multiple news conferences a day. Then, once a day. Then, once every few days. They compiled and released snippets of officers’ body camera footage. They spent several minutes answering specific questions. They released a comprehensive timeline, which ended up being wrong. They took it back, and tried to clarify the errors, but instead caused more confusion. By Oct. 13 — the last time the Metropolitan Police Department or the FBI addressed the media or public — something had changed. The sheriff, who had been straightforward and stern, was now emotional and at times combative. Both he and the FBI failed to provide much new information, and at the end of the meeting, they refused to take questions. Since that day, the only person who has shed more light on the investigation is Mandalay Bay security guard Jesus Campos, who was shot in the leg while approaching the gunman’s room. His platform to share that information? “The Ellen DeGeneres Show,” which aired last week. He hasn’t made himself available to the media since. “It doesn’t matter,” FBI spokeswoman Sandra Breault told the Las Vegas Review-Journal on Thursday, when asked why there had been no significant updates in two weeks. “It’s an ongoing investigation, and unless there’s something to report, there will not be a briefing.” Calls to the national FBI office were forwarded back to Breault at the Las Vegas office. At least twice this week, the Las Vegas Review-Journal has asked to speak with Sheriff Joe Lombardo about the shooting investigation. Both times, reporters were told by Carla Alston, the Police Department’s director of communications, that the sheriff “will not be conducting interviews.” “As he has stated previously, the case is still ongoing” she said in an email Thursday. “Another media briefing will be held when we have new and accurate information.” When asked when that briefing would be, Alston guessed it could occur in the next two weeks. The Review-Journal also specifically asked about the more than 50,000 hours of overtime that Metro officers have logged since Oct. 1 on work directly related to the shooting investigation. “Investigators have made progress on investigative leads and in mapping out Stephen Paddock’s life for the last few years — and they’re still not done,” Alston said. “We still have officers dedicated to this case 24/7.” She agreed that members of the public have a right to know more, “but they have a right to accurate information and not the speculation … that has filled so many news stories the past month.” Nearly a month after the mass shooting, the gunman’s motive remains a mystery. More straightforward questions also remain unanswered, including whether the 32nd floor of Mandalay Bay — where the gunman was staying — has surveillance cameras, and what exactly investigators collected in the gunman’s hotel room and homes. Authorities also have not said how long the gunman had a “do not disturb” sign on his hotel door, and whether hotel staff saw something suspicious in his room but failed to report it. Though authorities have described the investigation as a team effort, they have not explained what role Las Vegas police, the FBI and the Bureau of Alcohol, Tobacco, Firearms and Explosives are playing in the case.","AUTHORITIES PUT BRAKES ON INFORMATION FLOW IN LAS VEGAS SHOOTING By Rachel Crosby Las Vegas Review-Journal, October 26, 2017: Fifty-eight people killed. More than 500 injured. And yet, nearly a month after the Las Vegas Strip experienced the worst mass shooting in modern American history, local and federal authorities are refusing to fill in the blanks. It wasn’t always like this. In the days after Oct. 1, when Stephen Paddock opened fire on the Route 91 Harvest festival crowd from his Mandalay Bay corner suite, Las Vegas police were hosting multiple news conferences a day. Then, once a day. Then, once every few days. They compiled and released snippets of officers’ body camera footage. They spent several minutes answering specific questions. They released a comprehensive timeline, to clarify the errors, but instead caused more confusion. By Oct. 13 — the last time the Metropolitan Police Department or the FBI addressed the media or public — something had changed. The sheriff, who had been straightforward and stern, was now emotional and at times combative. Both he and the FBI failed to provide much new information, and at the end of the meeting, they refused to take questions. Since that day, the only person who has shed more light on the investigation is Mandalay Bay security guard Jesus Campos, who was shot in the leg while approaching the gunman’s room. His platform to share that information? “The Ellen DeGeneres Show,” which aired last week. He hasn’t made himself available to the media since. “It doesn’t matter,” FBI spokeswoman Sandra Breault told the Las Vegas Review-Journal on Thursday, when asked why there had been no significant updates in two weeks. “It’s an ongoing investigation, and unless there’s something to report, there will not be a briefing.” Calls to the national FBI office were forwarded back to Breault at the Las Vegas office. At least twice this week, the Las Vegas Review-Journal has asked to speak with Sheriff Joe Lombardo about the shooting investigation. Both times, reporters were told by Carla Alston, the Police Department’s director of communications, that the sheriff “will not be conducting interviews.” “As he has stated previously, the case is still ongoing” she said in an email Thursday. “Another media briefing will be held when we have new and accurate information.” When asked when that briefing would be, Alston guessed it could occur in the next two weeks. The Review-Journal also specifically asked about the more than 50,000 hours of overtime that Metro officers have logged since Oct. 1 on work directly related to the shooting investigation. “Investigators have made progress on investigative leads and in mapping out Stephen Paddock’s life for the last few years — and they’re still not done,” Alston said. “We still have officers dedicated to this case 24/7.” She agreed that members of the public have a right to know more, “but they have a right to accurate information and not the speculation … that has filled so many news stories the past month.” Nearly a month after the mass shooting, the gunman’s motive remains a mystery. More straightforward questions also remain unanswered, including whether the 32nd floor of Mandalay Bay — where the gunman was staying — has surveillance cameras, and what exactly investigators collected in the gunman’s hotel room and homes. Authorities also have not said how long the gunman had a “do not disturb” sign on his hotel door, and whether hotel staff saw something suspicious in his room but failed to report it. Though authorities have described the investigation as a team effort, they have not explained what role Las Vegas police, the FBI and the Bureau of Alcohol, Tobacco, Firearms and Explosives are playing in the case.",Are the techniques unchanged by the edit? Original techniques: Doubt,,,
74,"In 2015, Dina Powell – President Donald Trump’s Deputy National Security Adviser in 2017 – sat down with far left-wing United Nations Ambassador Samantha Power for an interview. In that interview, Powell heaped effusive praise upon Power and can be seen nodding in agreement throughout. Power was a senior adviser to President Barack Obama. At the time, Powell – an executive with Goldman Sachs – was pushing a pet project known as 10,000 women, which is ostensibly intended to foster female entrepreneurship. When Powell was at Goldman Sachs, her right-hand woman in the 10,000 Women program was Noa Meyer. Perhaps not so coincidentally, Meyer worked in the Bill Clinton administration’s speech-writing office of then first-lady Hillary Clinton. Powell herself, is very comfortable with Hillary Clinton. In 2013, she shared a stage with Hillary at the Clinton Global Initiative. In 2007, Powell was named to the Board of a Hillary Clinton project known as ‘Vital Voices’,another women-centric operation that touts Global Ambassadorial missions for women. On June 14, 2016 Powell participated in a Summit known as the United State of Women(USW), which meshed nicely with her pet project. USW was also rife with angry left-wing Democrats seeking to get Hillary Clinton elected in 2016. In fact, Barack Obama’s closest adviser Valerie Jarrett introduced Powell, who returned the introduction with effusive praise for Jarrett. The ex-Goldman Sachs executive has befriended Obama’s closest adviser, Valerie Jarrett. She is also very cozy with Hillary Clinton’s closest advisers Huma Abedin and Philippe Reines.","In 2015, Dina Powell – President Donald Trump’s Deputy National Security Adviser in 2017 – sat down with far left-wing United Nations Ambassador Samantha Power for an interview. In that interview, Powell heaped effusive praise upon Power and can be seen nodding in agreement throughout. Power was a senior adviser to President Barack Obama. At the time, Powell – an executive with Goldman Sachs – was pushing a pet project known as 10,000 women, which is ostensibly intended to foster female entrepreneurship. When Powell was at Goldman Sachs, her right-hand woman in the 10,000 Women program was Noa Meyer. Perhaps not so coincidentally, Meyer worked in the Bill Clinton administration’s speech-writing office of then first-lady Hillary Clinton. Powell herself, is very comfortable with Hillary Clinton. In 2013, she shared a stage with Hillary at the Clinton Global Initiative. In 2007, Powell was named to the Board of a Hillary Clinton project known as ‘Vital Voices’,another women-centric operation that touts Global Ambassadorial missions for women. On June 14, 2016 Powell participated in a Summit known as the United State of Women(USW), which with her pet project. USW was also rife with angry left-wing Democrats seeking to get Hillary Clinton elected in 2016. In fact, Barack Obama’s closest adviser Valerie Jarrett introduced Powell, who returned the introduction with effusive praise for Jarrett. The ex-Goldman Sachs executive has befriended Obama’s closest adviser, Valerie Jarrett. She is also very cozy with Hillary Clinton’s closest advisers Huma Abedin and Philippe Reines.",Is Loaded_Language ABSENT from the edited text?,,,
75,"While the mainstream media was announcing for the past two weeks that President Trump was going to release the CIA’s long-secret records on the JFK assassination, I took a different position. On Monday of this week, I predicted that Trump would make a deal with the CIA that would enable the CIA to continue its cover-up of the JFK assassination. (See “I Predict Trump Will Continue the CIA’s JFK Assassination Cover-Up” and “No Smoking Guns in the JFK Records?”)","While the mainstream media was announcing for the past two weeks that President Trump was going to release the CIA’s long-secret records on the JFK assassination, I took a different position. On Monday of this week, I predicted After the Trumpian revolt, there is no going back that Trump would make a deal with the CIA that would enable the CIA to continue its cover-up of the JFK assassination. (See “I Predict Trump Will Continue the CIA’s JFK Assassination Cover-Up” and “No Smoking Guns in the JFK Records?”)",Is False_Dilemma-No_Choice PRESENT in the edited text?,,,
76,"“You get accused of treasonous activity and treasonous speech because in an empire of lies the truth is treason,” Paul told the Russia-based news outlet. “Challenging the status quo is what they can’t stand and it unnerves them, so they have to silence people.” “Some of us tell the truth about our government, they call us treasonous and say we’re speaking out of line and they’d like to punish us, and I think that’s part of what’s happening with social media,” Paul told RT, adding that he hopes anti-government or anti-war voices can eliminate their “dependency” on the current social media platforms. “I’m just hoping that technology can stay ahead of it all and that we can have real alternatives to the dependency on Twitter and other companies that have been working hand in glove with the government,” Paul added. (source)","“You get accused of treasonous activity and treasonous speech because in an the truth is treason,” Paul told the Russia-based news outlet. “Challenging the status quo is what they can’t stand and it unnerves them, so they have to silence people.” “Some of us tell the truth about our government, they call us treasonous and say we’re speaking out of line and they’d like to punish us, and I think that’s part of what’s happening with social media,” Paul told RT, adding that he hopes anti-government or anti-war voices can eliminate their “dependency” on the current social media platforms. “I’m just hoping that technology can stay ahead of it all and that we can have real alternatives to the dependency on Twitter and other companies that have been working hand in glove with the government,” Paul added. (source)",Is Loaded_Language ABSENT from the edited text?,,,
77,"Askia Muhammad A journalist announced last week that he will publish a photograph of then-Illinois Sen. Barack Obama (D) and Nation of Islam leader Louis Farrakhan that he took in 2005 at a Congressional Black Caucus meeting, but did not make public because he believed it would have “made a difference” to Obama’s political future. The photographer, Askia Muhammad, told the Trice Edney News Wire that he “gave the picture up at the time and basically swore secrecy.” “But after the nomination was secured and all the way up until the inauguration; then for eight years after he was President, it was kept under cover,” Muhammad said. Asked whether he thought the photo’s release would have affected Obama’s presidential campaign, Muhammad said, “I insist. It absolutely would have made a difference.” Reached by TPM on Thursday, Muhammad said a “staff member” for the CBC contacted him “sort of in a panic” after he took the photo at a caucus meeting in 2005. TPM has published the photo above with Muhammad’s permission. “I sort of understood what was going on,” Muhammad told TPM. “I promised and made arrangements to give the picture to Leonard Farrakhan,” the minister’s son-in-law and chief of staff. Muhammad said he gave away “the disk” from his camera but “copied the photograph from that day onto a file” on his computer.","Askia Muhammad A journalist announced last week that he will publish a photograph of then-Illinois Sen. Barack Obama (D) and Nation of Islam leader Louis Farrakhan that he took in 2005 at a Congressional Black Caucus meeting, but did not make public because he believed it would have “made a difference” to Obama’s political future. The photographer, Askia Muhammad, told the Trice Edney News Wire that he “gave the picture up at the time and basically swore secrecy.” “But after the nomination was secured and all the way up until the inauguration; then for eight years after he was President, it was kept under cover,” Muhammad said. Asked whether he thought the photo’s release would have affected Obama’s presidential campaign, Muhammad said, “I insist. It absolutely would have made a difference.” Reached by TPM on Thursday, Muhammad said a “staff member” for the CBC contacted him “” after he took the photo at a caucus meeting in 2005. TPM has published the photo above with Muhammad’s permission. “I sort of understood what was going on,” Muhammad told TPM. “I promised and made arrangements to give the picture to Leonard Farrakhan,” the minister’s son-in-law and chief of staff. Muhammad said he gave away “the disk” from his camera but “copied the photograph from that day onto a file” on his computer.",Is Loaded_Language ABSENT from the edited text?,,,
78,"The circumstantial evidence overwhelmingly establishes that Oswald was working for U.S. intelligence. How often have you ever heard of a U.S. Marine communist? If Oswald was a genuine communist, why would he have joined the Marines in the 1950s, given that the Marines hated communists and had just helped kill millions of them in the Korean War? Why would a genuine communist want to join an organization in which he could be ordered, on a moment’s notice, to return to Korea or be sent to Vietnam, Laos, China, the Soviet Union, or Europe to kill communists? Don’t forget: this is the height of the Cold War!","The circumstantial evidence Haters of Judge Kavanaugh establishes that Oswald was working for U.S. intelligence. How often have you ever heard of a U.S. Marine communist? If Oswald was a genuine communist, why would he have joined the Marines in the 1950s, given that the Marines hated communists and had just helped kill millions of them in the Korean War? Why would a genuine communist want to join an organization in which he could be ordered, on a moment’s notice, to return to Korea or be sent to Vietnam, Laos, China, the Soviet Union, or Europe to kill communists? Don’t forget: this is the height of the Cold War!",Is Name_Calling-Labeling PRESENT and Exaggeration-Minimisation ABSENT in the edited text?,,,
79,"What would be the grounds for a declaration of deposition at such a gathering of prelates? One could readily point to the evidence that a faction that included Bergoglio himself had agreed upon his election before the conclave, and that all those involved, including Bergoglio, were thereby excommunicated latae sententiae in accordance with Article 81 of John Paul II’s Universi Dominici Gregis, which provides:","What would be the grounds for a declaration of deposition at such a gathering of prelates? One could readily point to the evidence that a faction that included Bergoglio himself had agreed upon his election before the conclave, and that all those involved, including Bergoglio, were thereby excommunicated latae sententiae in accordance with Article 81 of John Paul II’s Universi Dominici Gregis, which provides: pastoral",Is Name_Calling-Labeling PRESENT in the edited text?,,,
80,"Today, right now, at this moment, we are faced with a massive effort of the military/security complex, the neoconservatives, the Democratic Party, and the presstitute media to discredit the elected President of the United States and to overthrow him in order that the utterly corrupt elite that rule American can continue to hold on to power and to protect the massive budget of the military/security complex that, along with the Israel Lobby, funds the elections of those who rule us. Trump, like Reagan, was an exception, and it is the exceptions that accumulate the ire of the corrupt leftwing, bought off with money, and the ire of the media, concentrated into small tight ownership groups indebted to those who permitted the illegal concentration of a once independent and diverse American media that once served, on occasion, as a watchdog over government. The rightwing, wrapped in the flag, dismisses all truth as “anti-American.”","Today, right now, at this moment, we are faced with a massive effort of the military/security complex, the neoconservatives, the Democratic Party, and the presstitute media to discredit the elected President of the United States and to overthrow him in order that the utterly corrupt elite that rule American can continue to hold on to power and to protect the massive budget of the military/security complex that, along with the Israel Lobby, funds the elections of those who rule us. Trump, like Reagan, was an exception, and it is the exceptions that accumulate the ire of the corrupt leftwing, bought off with money, and the ire of the media, concentrated into small tight ownership groups indebted to those who permitted the illegal concentration of a once independent and diverse American media that once served, on occasion, as a watchdog over government. war against Jews and Christians The rightwing, wrapped in the flag, dismisses all truth as “anti-American.”",Is Appeal_to_Fear-Prejudice PRESENT in the edited text?,,,
81,"Many have also speculated that, because McCarrick’s victims were overwhelmingly above the age of consent, the media didn’t consider them newsworthy. If he’d fondled a 12-year old altar boy, that would have been one thing. Pedophile priests sell papers. But taking an 18-year-old seminarian to bed? Running that story would simply be outing a closeted gay man: an act the liberal press would no doubt consider “homophobic”, as Ross Douthat pointed out.","Many have also speculated that, because McCarrick’s victims were overwhelmingly above the age of consent, the media didn’t consider them newsworthy. If he’d fondled a 12-year old altar boy, that would have been one thing. Pedophile priests sell papers. But taking an 18-year-old seminarian to bed? Running that story would simply be outing a our nation's history: an act the liberal press would no doubt consider “homophobic”, as Ross Douthat pointed out.",Is Flag_Waving PRESENT and Name_Calling-Labeling ABSENT in the edited text?,,,
82,"Concerned clergy and laity throughout the Catholic world are doing what they can according to their stations. But in the midst of that “final battle” over marriage and family of which Sister Lucia warned the late Cardinal Caffarra in light of the Third Secret of Fatima, within the human element of the Church only the cardinals and the bishops possess the divinely bestowed power to repel an assault on marriage, family and the very integrity of the Faith that is now, for the first time in Church history, being led by a Roman Pontiff.","Concerned clergy and laity throughout the Catholic world are doing what they can according to their stations. the biggest story of treason and espionage in the recent memory But in the midst of that “final battle” over marriage and family of which Sister Lucia warned the late Cardinal Caffarra in light of the Third Secret of Fatima, within the human element of the Church only the cardinals and the bishops possess the divinely bestowed power to repel an assault on marriage, family and the very integrity of the Faith that is now, for the first time in Church history, being led by a Roman Pontiff.",Is Exaggeration-Minimisation PRESENT in the edited text?,,,
83,"It’s hard to believe with the evaporation of the Trump Effect, but less than six months ago we were seeing to year-over-year declines in the immigrant workforce population. The last five months of 2017 saw the foreign-born population fall by an average 100,000 from the same month of the prior year (shown in red on our chart).","underestimate It’s hard to believe with the evaporation of the Trump Effect, but less than six months ago we were seeing to year-over-year declines in the immigrant workforce population. The last five months of 2017 saw the foreign-born population fall by an average 100,000 from the same month of the prior year (shown in red on our chart).","Are the techniques unchanged by the edit? Original techniques: Loaded_Language, Name_Calling-Labeling",,,
84,"Given that Pope Francis has, since that interview took place, attempted to make the Argentine bishops’ interpretation of AL 'magisterial'--an interpretation that allows public adulterers to receive Holy Communion--Cardinal Burke’s reply to my question on January 9th of this year would seem to take on new relevancy.","sharp Given that Pope Francis has, since that interview took place, attempted to make the Argentine bishops’ interpretation of AL 'magisterial'--an interpretation that allows public adulterers to receive Holy Communion--Cardinal Burke’s reply to my question on January 9th of this year would seem to take on new relevancy.",Is Loaded_Language PRESENT in the edited text?,,,
85,"More than anything else, we as a Church must cease our acceptance of sin and evil. We must cast out sin from our own lives and run toward holiness. We must refuse to be silent in the face of sin and evil in our families and communities and we must demand from our pastors — myself included — that they themselves are striving day in and day out for holiness. We must do this always with loving respect for individuals but with a clear understanding that true love can never exist without truth.","More than anything else, we as a Church must cease our acceptance of sin and evil. We must. We must refuse to be silent in the face of sin and evil in our families and communities and we must demand from our pastors — myself included — that they themselves are striving day in and day out for holiness. We must do this always with loving respect for individuals but with a clear understanding that true love can never exist without truth.",Is Loaded_Language ABSENT from the edited text?,,,
86,"No, Bergoglio must go. The successors of the Apostles, the only ones in a position to end his rampage, must demand his resignation and, should he refuse as expected, act in this unprecedented emergency to declare his removal from the office he has criminally abused and whose very credibility he threatens to destroy. May God give them the grace to do what must be done and what history will vindicate as a rescue of the Church during the height of the worst crisis in her history.","No, Bergoglio must go. The successors of the Apostles, the only ones in a position to end his rampage, must demand his resignation and, should he refuse as expected, act in this unprecedented emergency to declare his removal from the office he has criminally abused and whose very credibility he threatens to destroy. May God give them the grace to do what must be done and what history will vindicate as a rescue of the Church But legal experts say anyone in Trump’s orbit would be charged with conspiracy, making false statements to federal investigators or obstructing justice. All are federal crimes.",Is Doubt PRESENT and Exaggeration-Minimisation ABSENT in the edited text?,,,
87,"We worked very hard. Many people did. We pushed tp get out the Latino vote with our features, our partners, and our voices. We kept our Google efforts non-partisan and followed our company’s protocols for the elections strategy. We emphasized our mission to give Latinos access to information so that they can make an informed decision at the polls, and we feel very grateful for all the support to do this important work. Latinos voted in record-breaking numbers, particularly with early votes. A large percentage of Latino voters in Florida were new voters who had become citizens just in time to vote. We saw high traffic for the search queries ‘votar,’ ‘como votar,’ and ‘donde voter,’ in key states like Florida and Nevada. We will be pulling in more info in the coming hours/days but so far we definitely know there was high traffic on search in Spanish. Without translating our tools the users wouldn’t have found the information they needed. Objectively speaking, our goal was met — we pushed and successfully launched the search features in Spanish, and we thank Lisa for her support in advocating for this work. I sent Philipp a note yesterday to thank him because he and others voiced their support for this too, and we greatly appreciate it. Even Sundar gave the effort a shout out and a comment in Spanish, which was really special.","We worked very hard. Many people did. We pushed tp get out the Latino vote with our features, our partners, and our voices. We kept our Google efforts non-partisan and followed our company’s protocols for the elections strategy. We emphasized our mission to give Latinos access to information so that they can make an informed decision at the polls, and we feel very grateful for all the support to do this important work. Latinos voted in record-breaking numbers, particularly with early votes. taken up by the voters in Florida were new voters who had become citizens just in time to vote. We saw high traffic for the search queries ‘votar,’ ‘como votar,’ and ‘donde voter,’ in key states like Florida and Nevada. We will be pulling in more info in the coming hours/days but so far we definitely know there was high traffic on search in Spanish. Without translating our tools the users wouldn’t have found the information they needed. Objectively speaking, our goal was met — we pushed and successfully launched the search features in Spanish, and we thank Lisa for her support in advocating for this work. I sent Philipp a note yesterday to thank him because he and others voiced their support for this too, and we greatly appreciate it. Even Sundar gave the effort a shout out and a comment in Spanish, which was really special.","Are the techniques unchanged by the edit? Original techniques: Exaggeration-Minimisation, Name_Calling-Labeling",,,
88,"It’s hard to believe with the evaporation of the Trump Effect, but less than six months ago we were seeing to year-over-year declines in the immigrant workforce population. The last five months of 2017 saw the foreign-born population fall by an average 100,000 from the same month of the prior year (shown in red on our chart).","It’s hard to believe with the evaporation of the incident was a domestic situation that has nothing to do with extremism, but less than six months ago we were seeing to year-over-year declines in the immigrant workforce population. The last five months of 2017 saw the foreign-born population fall by an average 100,000 from the same month of the prior year (shown in red on our chart).",Is Exaggeration-Minimisation PRESENT and Name_Calling-Labeling ABSENT in the edited text?,,,
89,"Speaking of Mastercard, the David Horowitz Freedom Center just recently won a major battle with the credit card, defeating well-financed leftwing groups that are trying to run the Center out of business and suffocate free speech in America. The Freedom Center emerged victorious, but it is clear that leftist hate groups such as the SPLC and Color of Change.org are preparing new attacks against the Freedom Center and other conservative groups and individuals 24/7.","Speaking of Mastercard, the David Horowitz Freedom Center just recently won a major battle with the credit card, defeating well-financed leftwing groups that are trying to run the Center out of business and suffocate free speech in America. The Freedom Center emerged victorious, but it is clear that such as the SPLC and Color of Change.org are preparing new attacks against the Freedom Center and other conservative groups and individuals 24/7.",Is Name_Calling-Labeling ABSENT from the edited text?,,,
90,Muslim Crime Stopper Sofian Zakkout's New Crush: Anti-Semite Pastor Steve Anderson,"Muslim no country, not one Sofian Zakkout's New Crush: Anti-Semite Pastor Steve Anderson",Is Exaggeration-Minimisation PRESENT and Name_Calling-Labeling ABSENT in the edited text?,,,
91,"John Allen’s instant analysis attempting to impeach Viganò’s testimony is, as one would expect from him, a bit craftier. His opinion is: “Take it seriously, but with a large grain of salt.” Which is just Allen’s more nuanced way of saying: “Don’t believe it.” Allen’s view is supported by such irrelevancies as the fact that Viganò’s account implicates “no fewer than 32 senior churchmen” (so what?), that he “has a history” of “innuendo and conspiracy theories” (a gratuitous assertion unsupported by evidence of falsity), that he allegedly quashed an investigation of Archbishop John Nienstedt and ordered evidence destroyed (an allegation Viganò has immediately and categorically denied with conclusive supporting documents, but in any event a tuo quoque fallacy) and that Allen has “the impression that all this was orchestrated with a political agenda in mind” (the same “conspiracy theory” mentality he gratuitously attributes to Viganò).","John Allen’s instant analysis attempting to impeach Viganò’s testimony is, as one would expect from him, a bit craftier. His opinion is: “Take it seriously, but with a large grain of salt.” Which is just Allen’s more nuanced way of saying: “Don’t believe it.” Allen’s view is supported by such irrelevancies as the fact that Viganò’s account implicates “no fewer than 32 senior churchmen” (so what?), that he “has a history” of “innuendo and conspiracy theories” (a gratuitous assertion unsupported by evidence of falsity), that he allegedly quashed an investigation of Archbishop John Nienstedt and ordered evidence destroyed (an allegation Viganò has immediately and categorically denied with conclusive supporting documents, but in any event a tuo quoque fallacy) and that Allen has “the impression that all this was orchestrated with a political agenda in he gratuitously attributes to Viganò).","Are the techniques unchanged by the edit? Original techniques: Appeal_to_Authority, Doubt, Loaded_Language, Straw_Man",,,
92,"From the neo-Catholic perspective, the events of recent days present a terrifying prospect: the final collapse of the Novus Ordo establishment, an end to the conciliar aggiornamento and a revival of integral Tradition, which growing numbers of young people are seeking. Hence even before Archbishop Viganò had come forward, commentators like Faggioli were already sounding the neo-Catholic air raid siren. Faggioli fretted that “[t]he abuse scandal and delegitimization of the episcopate has created a great power vacuum in the Church” that could be filled by the “neo-traditionalist Catholicism of the younger generations of American Catholics” who “attack American bishops and cardinals close to Pope Francis.” Accordingly, he rushed to the defense of Bergoglio and his corrupt regime against “a radicalization of religious conservatism in the neo-traditionalism sense...”","From the neo-Catholic perspective, the events of recent days present a terrifying prospect: the final collapse of the Novus Ordo establishment, an end to the conciliar aggiornamento and a revival of integral Tradition, which growing numbers of young people are seeking. Hence even before Archbishop Viganò had come forward, commentators like Faggioli were already sounding the neo-Catholic air raid siren. Faggioli fretted that “[t]he abuse scandal and delegitimization of the episcopate has created a great power vacuum in the Church” that could be filled by the “neo-traditionalist Catholicism of the younger generations of American Catholics” who “attack American bishops and cardinals close to Pope Francis.” Accordingly, he rushed to the defense of Bergoglio and It isn’t going to stop until we boot out the corrupt career politicians that are engaging in this type of behavior against “a radicalization of religious conservatism in the neo-traditionalism sense...”",Is Appeal_to_Fear-Prejudice PRESENT and Name_Calling-Labeling ABSENT in the edited text?,,,
93,"Within hours of being published the Guardian piece was debunked as fake news. That did not hinder other outlets to add to its smear. Politico allowed ""a former CIA officer,"" writing under a pen name, to suggest - without any evidence - that the Guardian has been duped - not by its MI5/6 and Ecuadorian spy sources, but by Russian disinformation:","Within hours of being published the Guardian piece was debunked as fake news. That did not hinder other outlets to add to its. Politico allowed ""a former CIA officer,"" writing under a pen name, to suggest - without any evidence - that the Guardian has been duped - not by its MI5/6 and Ecuadorian spy sources, but by Russian disinformation:",Is Loaded_Language ABSENT from the edited text?,,,
94,"So, I thank you very much for your encouragement, and I must say that we have a very good generation of young men and good vocations. For the coming year we have 59 applications to our seminary in Econe, Switzerland – applications from the United States, from England, from Germany, from France, and Spain. Good young men with good dispositions are coming from everywhere. And why? Why do they come to this seminary when they know we are in difficulties with Rome? They know that. But still they come. I ask them, why do you come to Econe? You know our situation. They say, “Yes, we know your situation, but we want to become true priests and not protestant pastors or modernist priests. We are coming to your seminary because we know that the end of the priest is to offer the true Sacrifice of the Mass. And so, we are Coming to Econe.”","So, I thank you very much for your encouragement, and I must say that we have a very good generation of young men and good vocations. For the coming year we have 59 applications to our seminary in Econe, Switzerland – applications from the United States, from England, from Germany, from France, and Spain. Good young men with good dispositions are coming from everywhere. And why? Why do they come to this seminary when they know we are in difficulties with Rome? They know that. But still they come. I ask them, why do you come to Econe? You know our situation. They say, “Yes, we know your situation, but we want to become true priests and not protestant pastors or modernist priests. We are coming to your seminary because we know that the end of the priest is to offer the true Sacrifice of the Mass. Defeat Jihad"" And so, we are Coming to Econe.”",Is Slogans PRESENT in the edited text?,,,
95,"And the label of “violent extremist” turns out to be used very generously. Ganesh makes wild leaps and inferences. He talks of Darren Osborne, the perpetrator of the vehicular attack on Finsbury Park Mosque. This was a heinous crime, and should rightly be condemned. But why did Osborne do this, according to Ganesh? The attack “was executed after he had become indignant after watching a BBC broadcast on child sexual exploitation and turned to social media to make sense of it. He found a narrative from British counter-jihad groups closely aligned with the alt-right, such as Britain First and the founder of the English Defence League Tommy Robinson.” The British counter-jihad movement is thus swept into the same group of violent extremists as Osborne, because Ganesh “knows” they encouraged him.","And the label of “violent extremist” turns out to be used very generously. Ganesh makes wild leaps and inferences. He talks of Darren Osborne, the perpetrator of the vehicular attack on Finsbury Park Mosque. This was a heinous crime, and should rightly be condemned. But why did Osborne do this, according to Ganesh? The attack “was executed after he had become indignant after watching a BBC broadcast on child sexual exploitation and turned to social media to make sense of it. He found a narrative from British counter-jihad groups closely aligned with the alt-right, such as Britain First and the founder of the English Defence League Tommy Robinson.” The British counter-jihad movement is thus swept into the same group of violent extremists as Osborne, because Ganesh “we will serve the Lord” they encouraged him.",Is Slogans PRESENT and Doubt ABSENT in the edited text?,,,
96,"Officials have reported infections in 17 of the island nation’s 22 regions since the outbreak started in August. And the number of cases is growing by the day, said Elhadj As Sy, the secretary general of the International Federation of Red Cross and Red Crescent Societies (IFRC) as the nation put all hospitals on high alert. The hospitals have also begun implementing preventative measures with attempts to stall the spread of the bacterial infection.","Officials have reported infections in 17 of the island nation’s 22 regions since the outbreak started in August. And the number of cases is growing by the day, said Elhadj As Sy, the secretary general of the International Federation of Red Cross and Red Crescent Societies (IFRC) as the nation put all hospitals on simply. The hospitals have also begun implementing preventative measures with attempts to stall the spread of the bacterial infection.",Is Exaggeration-Minimisation PRESENT and Loaded_Language ABSENT in the edited text?,,,
97,"Powell should not be at the NSC, where she replaced K.T. McFarland, who was qualified for the job, at the behest of H.R. McMaster. But every job for Powell is a stepping stone to the next one. And the one she has her eyes on now would be an even bigger disaster.","Powell should not be at the NSC, where she replaced K.T. McFarland, who was qualified for the job, at the behest of H.R. McMaster. But every job for Powell is a stepping stone to the one she has her eyes on now would be an even bigger disaster.",Are the techniques unchanged by the edit? Original techniques: Loaded_Language,,,
98,"Simply expressing support for a terrorist organization or attack is not against the law. Patel's crime was failing to disclose his trips to Jordan when he was trying to join the Army and Air Force in December 2016 and January 2017. Court documents say Patel lied about his travel history, saying his only time out of the country in the past seven years was a family trip to India in 2011 and 2012.","Simply expressing support for a terrorist organization or attack is not against the law. Patel's crime was failing to disclose his trips to Jordan when he was trying to join the Army and Air Force in December 2016 and January 2017. Free Iran Court documents say Patel lied about his travel history, saying his only time out of the country in the past seven years was a family trip to India in 2011 and 2012.",Is Slogans PRESENT in the edited text?,,,
99,"American Raj: Liberati... Eric Margolis Best Price: $5.99 Buy New $45.86 (as of 09:30 EDT - Details) And this right after Trump and his neocon minions reneged on the sensible nuclear treaty with Iran. In a policy one could call ‘eat sand and die,’ Trump demanded that Iran not only give up any and all nuclear capacity (Iran has no nukes), but also junk its non-nuclear armed medium range missiles, stop backing the Palestinians, Hezbollah in Lebanon and the Houthis in Yemen, roll over and be good, don’t do anything to upset Israel, and pull out of Syria. In short, a total surrender policy leading to future regime change. Hardly an encouragement for North Korea.","American Raj: Liberati... Eric Margolis Best Price: $5.99 Buy New $45.86 (as of 09:30 EDT - Details) And this right after Trump and his neocon minions reneged on the sensible nuclear treaty with Iran. In a policy one could call ‘eat sand and die,’ Trump demanded that Iran not only give up any and all nuclear capacity (Iran has no nukes), but also junk its non-nuclear armed medium range missiles, stop backing the Palestinians, Hezbollah in Lebanon and the Houthis in Yemen, roll over and be good, don’t do anything to that Iran ""will, and pull out of Syria. In short, a total surrender policy leading to future regime change. Hardly an encouragement for North Korea.","Are the techniques unchanged by the edit? Original techniques: Loaded_Language, Name_Calling-Labeling",,,
100,"Not even from the Cross did Christ decry the death penalty, either for himself or for the two thieves crucified with Him. It would continue to be dealt out to men by other men on earth, with only one significant change: Henceforth it would be administered under the authority of the glorified man who is Christ the King, as part and parcel of that universal power “in heaven and on earth” which He received from His Father (Matt. 28:18) after His Resurrection. From that point on it is Christ who delegates the divine authority to punish by killing, and both Scripture and tradition testify that it is lawfully wielded by those to whom He entrusts the temporal sword in His Kingdom. As He told Pontius Pilate at the time of His trial, “Thou shouldst not have any power against me, unless it were given thee from above” (John 19:10).","Not even from the Cross did Christ decry the death penalty, either for himself or for the two thieves crucified with Him. It would continue to be dealt out to men by other men on earth, with only one significant change: Henceforth it would be administered under the authority of, as part and parcel of that universal power “in heaven and on earth” which He received from His Father (Matt. 28:18) after His Resurrection. From that point on it is Christ who delegates the divine authority to punish by killing, and both Scripture and tradition testify that it is lawfully wielded by those to whom He entrusts the temporal sword in His Kingdom. As He told Pontius Pilate at the time of His trial, “Thou shouldst not have any power against me, unless it were given thee from above” (John 19:10).",Is Name_Calling-Labeling ABSENT from the edited text?,,,
101,"The move comes in the wake of the recent debate over the German bishops' initiative to bless homosexual couples, as well as the controversy over Bishop Andreas Laun's own criticism of it. The diocese’s own media report makes a reference to Amoris Laetitia, as well as to Cardinal Reinhard Marx's recent initiative.","The move comes in the wake of the recent debate over the German bishops' initiative to bless homosexual couples, as well as the controversy over Bishop Andreas Laun's own criticism of it. The diocese’s own media report makes a reference to Amoris Laetitia, as well as to Cardinal Reinhard Marx's recent initiative. #FreeTommy",Is Slogans PRESENT in the edited text?,,,
102,"Ms. Ford’s supporters are exploiting the “Me Too” movement to declare Judge Kavanaugh guilty simply because Ms. Ford is a woman who has made what they call, without any corroborating evidence to date, a “credible” charge. The same would presumably be the case for Ms. Ramirez. They argue that since the Senate Judiciary Committee is not a criminal judicial trial, but rather a legislative hearing for confirmation of a Supreme Court nominee, the normal burden of proof shouldered by the accuser should not apply. Judge Kavanaugh should have to prove that he is not guilty, they are in effect insisting. This is another case of Kavanaugh Derangement Syndrome.","Ms. Ford’s supporters are exploiting the “Me Too” movement to declare Judge Kavanaugh guilty. The same would presumably be the case for Ms. Ramirez. They argue that since the Senate Judiciary Committee is not a criminal judicial trial, but rather a legislative hearing for confirmation of a Supreme Court nominee, the normal burden of proof shouldered by the accuser should not apply. Judge Kavanaugh should have to prove that he is not guilty, they are in effect insisting. This is another case of Kavanaugh Derangement Syndrome.",Is Causal_Oversimplification ABSENT from the edited text?,,,
103,"The lawmaker added that he can’t support Haspel, whom he described as having expressed “joyful glee” at being involved in torture programs in the past.","The lawmaker added that he can’t support Haspel, whom he described as having expressed “By the way, the toxicology report was not mentioned in the preliminary report” at being involved in torture programs in the past.",Is Doubt PRESENT and Loaded_Language ABSENT in the edited text?,,,
104,"Instead, Wilson has spent the last years on an unlikely project for an anarchist: Not simply defying or skirting the law but taking it to court and changing it. In doing so, he has now not only defeated a legal threat to his own highly controversial gunsmithing project. He may have also unlocked a new era of digital DIY gunmaking that further undermines gun control across the United States and the world—another step toward Wilson's imagined future where anyone can make a deadly weapon at home with no government oversight. Two months ago, the Department of Justice quietly offered Wilson a settlement to end a lawsuit he and a group of co-plaintiffs have pursued since 2015 against the United States government. Wilson and his team of lawyers focused their legal argument on a free speech claim: They pointed out that by forbidding Wilson from posting his 3-D-printable data, the State Department was not only violating his right to bear arms but his right to freely share information. By blurring the line between a gun and a digital file, Wilson had also successfully blurred the lines between the Second Amendment and the First. ""If code is speech, the constitutional contradictions are evident,"" Wilson explained to WIRED when he first launched the lawsuit in 2015. ""So what if this code is a gun?” The Department of Justice's surprising settlement, confirmed in court documents earlier this month, essentially surrenders to that argument. It promises to change the export control rules surrounding any firearm below .50 caliber—with a few exceptions like fully automatic weapons and rare gun designs that use caseless ammunition—and move their regulation to the Commerce Department, which won't try to police technical data about the guns posted on the public internet. In the meantime, it gives Wilson a unique license to publish data about those weapons anywhere he chooses. ""I consider it a truly grand thing,"" Wilson says. ""It will be an irrevocable part of political life that guns are downloadable, and we helped to do that.""","Instead, Wilson has spent the last years on an unlikely project for ""America First"": Not simply defying or skirting the law but taking it to court and changing it. In doing so, he has now not only defeated a legal threat to his own highly controversial gunsmithing project. He may have also unlocked a new era of digital DIY gunmaking that further undermines gun control across the United States and the world—another step toward Wilson's imagined future where anyone can make a deadly weapon at home with no government oversight. Two months ago, the Department of Justice quietly offered Wilson a settlement to end a lawsuit he and a group of co-plaintiffs have pursued since 2015 against the United States government. Wilson and his team of lawyers focused their legal argument on a free speech claim: They pointed out that by forbidding Wilson from posting his 3-D-printable data, the State Department was not only violating his right to bear arms but his right to freely share information. By blurring the line between a gun and a digital file, Wilson had also successfully blurred the lines between the Second Amendment and the First. ""If code is speech, the constitutional contradictions are evident,"" Wilson explained to WIRED when he first launched the lawsuit in 2015. ""So what if this code is a gun?” The Department of Justice's surprising settlement, confirmed in court documents earlier this month, essentially surrenders to that argument. It promises to change the export control rules surrounding any firearm below .50 caliber—with a few exceptions like fully automatic weapons and rare gun designs that use caseless ammunition—and move their regulation to the Commerce Department, which won't try to police technical data about the guns posted on the public internet. In the meantime, it gives Wilson a unique license to publish data about those weapons anywhere he chooses. ""I consider it a truly grand thing,"" Wilson says. ""It will be an irrevocable part of political life that guns are downloadable, and we helped to do that.""",Is Slogans PRESENT and Name_Calling-Labeling ABSENT in the edited text?,,,
105,"67 Affiliation [with another monastery, appointed by the Vatican] can be an opportunity for recovery and rebirth when autonomy of life is partially compromised. If the situation of incapacity is irreversible, the solution, as painful as it is necessary, is the suppression of the monastery.","67 Affiliation [with another monastery, appointed by the Vatican] can be an opportunity for recovery and rebirth when of life is partially compromised. If the situation of incapacity is irreversible, the solution, as painful as it is necessary, is the suppression of the monastery.",Is Repetition ABSENT from the edited text?,,,
106,"Faggioli, meanwhile, outlined a genuinely surprising position. Rather than making a straightforward case for why Pope Francis has changed the Church for the better, Faggioli rejected the possibility of evaluating his papacy in terms of “continuity” with past popes, since doing so would assume that “Christianity at some point . . . was complete,” which Faggioli does not think is true.","Faggioli, meanwhile, outlined a genuinely surprising position. Rather than making a straightforward case for why Pope Francis has changed the Church for the better, Faggioli rejected the possibility of evaluating his papacy in terms of “continuity” with past popes, since doing so would assume that central fact . . . was complete,” which Faggioli does not think is true.",Are the techniques unchanged by the edit? Original techniques: Loaded_Language,,,
107,"ICE had already called out Oakland's radical leftist boss for helping criminals and endangering ICE personnel by tipping them off that a raid was coming. Her actions were quite clearly illegal, though she claimed that she had cleared her actions with lawyers beforehand, And now, a member of the #Resistance may actually end up fighting obstruction of justice charges.","ICE had already called out Oakland's radical leftist boss for helping criminals and endangering ICE personnel by tipping them off that a raid was coming. Her actions were quite clearly illegal, though she claimed that she had cleared her actions with lawyers beforehand, And now, a member of the #Resistance may actually end up fighting obstruction of justice charges. The right wing Ecuadorean government of President Moreno continues to churn out its production line of fake documents regarding Julian Assange, and channel them straight to MI6 mouthpiece Luke Harding of the Guardian",Is Doubt PRESENT in the edited text?,,,
108,"Tommy Robinson was arrested on May 25 outside Leeds Crown Court after using social media to broadcast details of an ongoing trial which was subject to reporting restrictions. He was arrested, brought before a judge, and sentenced within five hours. The judge ordered a media ban on his arrest and imprisonment, even forcing British publications to delete their articles about the case. Such measures are common practice in North Korea and Saudi Arabia. It is sad to see how Britain, the cradle of Western democracy and the rule of law, is fast descending into tyranny. Tommy is a hero. It is a disgrace that he is still in jail. I have been invited to a major protest demonstration in London next week, and I will be coming. Free Tommy now.","Tommy Robinson was arrested on May 25 outside Leeds Crown Court after using social media to broadcast details of an ongoing trial which was subject to reporting restrictions. He was arrested, brought before a judge, and sentenced within five hours. The judge ordered a media ban on his arrest and imprisonment, even forcing British publications to delete their articles about the case. Clown News Network. It is sad to see how Britain, the cradle of Western democracy and the rule of law, is fast descending into tyranny. Tommy is a hero. It is a disgrace that he is still in jail. I have been invited to a major protest demonstration in London next week, and I will be coming. Free Tommy now.",Is Name_Calling-Labeling PRESENT and Guilt_by_Association ABSENT in the edited text?,,,
109,"There, he met an FBI source and started talking about the Islamic State. He explained he went to Jordan in part to find like-minded Muslims, and because he wanted to do something “bigger, better, and more purposeful” – like dying in the cause of Allah.","There, he met an FBI source and started talking about the Islamic State. He explained he went to Jordan in part to find like-minded Muslims, because there are both local, state and federal laws that prohibit me from taking action. and because he wanted to do something “bigger, better, and more purposeful” – like dying in the cause of Allah.",Are the techniques unchanged by the edit? Original techniques: Exaggeration-Minimisation,,,
110,"The faces of the criminal Democrat Party, at least two of them, have now had an ethics complaint filed against them in the US Senate, and rightly so. Senators Kamala Harris, who basically said that Judge Brett Kavanaugh was guilty because she believed Christine Blasey Ford's unsubstantiated and uncorroborated accusations against him, and Elizabeth Warren, also known as ""Fauxahontas,"" are the two members of the Senate who will be investigated.","The faces of the criminal Democrat Party, at least two of them, have now had an ethics complaint filed against them in the US Senate, and rightly so. Senators Kamala Harris, who basically said that Judge Brett Kavanaugh was guilty because she believed Christine Blasey Ford's unsubstantiated and uncorroborated accusations against him, and Elizabeth Warren, also known as ""Fauxahontas,"" are the two members of the Senate",Are the techniques unchanged by the edit? Original techniques: Conversation_Killer,,,
111,"Ever since the assassination, the CIA has argued that the release of any of its JFK records would threaten “national security.” One thing is for sure and undeniable: Despite the release of many of the CIA’s records in the 1990s and yesterday, the United States did not fall into the ocean or fall to the communists. And neither would it have done so if Trump had not granted the CIA’s request for a continued cover-up of what it did on November 22, 1963.","Ever since the assassination,.” One thing is for sure and undeniable: Despite the release of many of the CIA’s records in the 1990s and yesterday, the United States did not fall into the ocean or fall to the communists. And neither would it have done so if Trump had not granted the CIA’s request for a continued cover-up of what it did on November 22, 1963.",Is Flag_Waving ABSENT from the edited text?,,,
112,"Then, the discourse of the Nuncio was the discourse of a Freemason: all of it was “progress,” “humanity,” “evolution,” and all the hubris of a Freemason. And during the discourse of the Secretary of the Episcopal Conference, [the Secretary] said, “in the name of the Declaration of Religious Freedom [of Vatican II], we ask the President to remove this article in the Constitution.”","Then, the discourse of the Nuncio was the discourse of a Freemason: all of it was “progress,” “humanity,” “evolution,” and all the hubris of a Freemason. And during the discourse of the Secretary of the Episcopal Conference, [the Secretary] said, “.”",Is Appeal_to_Fear-Prejudice ABSENT from the edited text?,,,
113,"Now, the prior degradation of the infidels in this world before the life to come—where it is their lot—is considered an act of piety; and the imposition of their poll tax [jizya], “until they pay the tribute out of hand and have been humbled” (Koran 9:29) is a divinely ordained obligation….The dhimmi’s payment of his dues by a bill drawn on a Muslim, or by delegating a real believer to pay it in his name will not be tolerated. It must be exacted from him directly in order to vilify and humiliate him, so that Islam and its people may be exalted and the race of infidels brought low. The jizya is to be imposed on all of them in full, without exception.","Now, the prior degradation of the infidels in this world before the life to come—where it is their lot—is considered an act of piety; The British are coming back!….The dhimmi’s payment of his dues by a bill drawn on a Muslim, or by delegating a real believer to pay it in his name will not be tolerated. It must be exacted from him directly in order to vilify and humiliate him, so that Islam and its people may be exalted and the race of infidels brought low. The jizya is to be imposed on all of them in full, without exception.",Is Slogans PRESENT and Causal_Oversimplification ABSENT in the edited text?,,,
114,"“‘There’s certainly a big concern of the connection between mental health and people exhibiting violent behavior and whether or not they should have access to firearms. The “erpos” give us that tool now as an option,’ said Sgt. Eric Pisconski, who leads the crisis response unit for the Seattle Police Department.","“‘There’s certainly a big concern of the connection between mental health and people exhibiting violent behavior and whether or not they should have access to firearms. The “erpos” give us that tool now as an option,’ said Sgt. What kind of man is this Eric Pisconski, who leads the crisis response unit for the Seattle Police Department.",Is Doubt PRESENT in the edited text?,,,
115,"Now in the United States a chorus of voices is rising especially from the lay faithful, and has recently been joined by several bishops and priests, asking that all those who, by their silence, covered up McCarrick’s criminal behavior, or who used him to advance their career or promote their intentions, ambitions and power in the Church, should resign.","For me, U.S. aid should be leverage. I will be using my position in Congress so that no country, not one, should be able to get aid from the U.S. when they still promote that kind of injustice Now in the United States a chorus of voices is rising especially from the lay faithful, and has recently been joined by several bishops and priests, asking that all those who, by their silence, covered up McCarrick’s criminal behavior, or who used him to advance their career or promote their intentions, ambitions and power in the Church, should resign.",Is Flag_Waving PRESENT in the edited text?,,,
116,"“Despite starvation and severely cold temperatures, the Museum continued its preservational functions. With only a skeleton staff left behind, it was difficult to protect the vast buildings and their sumptuous interiors against snow, wind and rain. Equipped with first-aid kits, wearing helmets and gloves, the Museum air wardens cleared away heaps of broken bricks and the remains of charred flooring after each bomb hit the building; they helped dig out the living and the dead and bandage the wounded after raids in the surrounding area. Twelve air-raid shelters were fitted out in the basements of the Museum complex and until the first evacuations were made in March 1942 there were 12,000 people housed there permanently, among them the Museum Director, celebrated Academician Iosif Orbeli.” “Hermitage staff both in Sverdlovsk and in Leningrad acted as museum attendants, continuing their scholarly activity and lecturing in hospitals, holding conferences, writing scholarly articles. No items were lost during the evacuation.”","“Despite starvation and severely cold temperatures, the Museum continued its preservational functions. With only a skeleton staff left behind, dreadfully wrong it was difficult to protect the vast buildings and their sumptuous interiors against snow, wind and rain. Equipped with first-aid kits, wearing helmets and gloves, the Museum air wardens cleared away heaps of broken bricks and the remains of charred flooring after each bomb hit the building; they helped dig out the living and the dead and bandage the wounded after raids in the surrounding area. Twelve air-raid shelters were fitted out in the basements of the Museum complex and until the first evacuations were made in March 1942 there were 12,000 people housed there permanently, among them the Museum Director, celebrated Academician Iosif Orbeli.” “Hermitage staff both in Sverdlovsk and in Leningrad acted as museum attendants, continuing their scholarly activity and lecturing in hospitals, holding conferences, writing scholarly articles. No items were lost during the evacuation.”",Is Loaded_Language PRESENT in the edited text?,,,
117,"Iran has tested several ballistic missiles during the last two years, including two Qadr H missiles with the phrase “Israel must be wiped out” emblazoned on the sides. The commander of Iran’s Army, Major General Ataollah Salehi, had told reporters just a month before the launch of those missiles that Iran was ""neither paying any attention to the resolutions against Iran, nor implementing them. This is not a breach of the JCPOA.”","Iran has tested several ballistic missiles during the last two years, including two Qadr H missiles with the phrase “the records undoubtedly contain more incriminating circumstantial evidence that fills in the mosaic of a U.S. national-security regime-change operation on November 22, 1963 emblazoned on the sides. The commander of Iran’s Army, Major General Ataollah Salehi, had told reporters just a month before the launch of those missiles that Iran was ""neither paying any attention to the resolutions against Iran, nor implementing them. This is not a breach of the JCPOA.”",Is Causal_Oversimplification PRESENT and Slogans ABSENT in the edited text?,,,
118,"The newest warning about the outbreak of the airborne pneumonic plague, or black death, in Madagascar has been released. Officials warn that it’s inevitable that this bacterial infection that’s infected over 2000 people will become resistant to antibiotics. The only way to treat a person who has contracted the plague is with antibiotics. But experts now warn that because they are being used so much to treat the infection, antibiotics resistance is inevitable and making this disease much more terrifying. Once the bacteria is resistant, the Madagascar healthcare system will be overwhelmed, and the disease will have control of the nation.","The newest warning about the outbreak of the airborne pneumonic plague, or, in Madagascar has been released. Officials warn that it’s inevitable that this bacterial infection that’s infected over 2000 people will become resistant to antibiotics. The only way to treat a person who has contracted the plague is with antibiotics. But experts now warn that because they are being used so much to treat the infection, antibiotics resistance is inevitable and making this disease much more terrifying. Once the bacteria is resistant, the Madagascar healthcare system will be overwhelmed, and the disease will have control of the nation.",Is Name_Calling-Labeling ABSENT from the edited text?,,,
119,"Jamie Glazov holds a Ph.D. in History with a specialty in Russian, U.S. and Canadian foreign policy. He is the editor of Frontpagemag.com, the author of the critically-acclaimed, United in Hate: The Left’s Romance with Tyranny and Terror, and the host of the web-tv show, The Glazov Gang. His new book is Jihadist Psychopath: How He is Charming, Seducing, and Devouring Us. Visit his site at JamieGlazov.com, follow him on Twitter: @JamieGlazov, and reach him at [email protected]","Jamie Glazov holds a Ph.D. in History with a specialty in Russian, U.S. and Canadian foreign policy. He is the editor of Frontpagemag.com, the author of the critically-acclaimed, United in Hate: The Left’s Romance with Tyranny and Terror, and the host of the web-tv show, The Glazov Gang. Bob Parry was one of Gary Webb’s few supporters in the media. His new book is Jihadist Psychopath: How He is Charming, Seducing, and Devouring Us. Visit his site at JamieGlazov.com, follow him on Twitter: @JamieGlazov, and reach him at [email protected]",Are the techniques unchanged by the edit? Original techniques: none,,,
120,"There the Cardinal stayed cooped up for the next 15 years. Mindszenty’s mother was permitted to visit him four times a year, and the communist authorities stationed secret police outside the embassy ready to arrest him should he try to leave. Sound familiar?","There the Cardinal stayed cooped up for the next 15 years. Mindszenty’s mother was permitted to visit him four times a year, and the communist authorities stationed secret police outside the embassy ready to arrest him should he try to leave. Sound familiar? the term “native born” will refer to a minuscule fraction of the U.S. population",Is Exaggeration-Minimisation PRESENT in the edited text?,,,
121,"Part of the scheme, obviously, would be to establish Oswald’s communist bona fides. That’s why he was sent to New Orleans, where, contradictorily, he would work for a right-wing business owner, work with a right-wing former FBI agent, and conduct a public protest in favor of Fidel Castro and Cuba.","Part of the scheme, obviously, would be to establish Oswald’s communist bona fides. That’s why he was sent to New Orleans, Muslim where, contradictorily, he would work for a right-wing business owner, work with a right-wing former FBI agent, and conduct a public protest in favor of Fidel Castro and Cuba.",Is Red_Herring PRESENT in the edited text?,,,
122,"“I think this is a misplaced mercy. It is mercy for the predator priests,” she told EWTN’s Raymond Arroyo on the February 8 episode of World Over.","“I think this is a misplaced mercy. In dogmatic questions, there cannot be a plurality,” It is mercy for the predator priests,” she told EWTN’s Raymond Arroyo on the February 8 episode of World Over.",Is False_Dilemma-No_Choice PRESENT in the edited text?,,,
123,"“I would love to see more information coming out about the warrants executed on the home of the shooter who lived just below him. I haven’t seen any of those,” said Merritt.","“I would love to see more information coming out about the warrants executed on the home of the shooter who lived just below him. I haven’t seen any of those,” said Merritt. no doubt being told that he was being prepared for an important mission",Is Causal_Oversimplification PRESENT in the edited text?,,,
124,"Likewise, Nuncio Sambi transmitted to the Cardinal Secretary of State, Tarcisio Bertone, an Indictment Memorandum against McCarrick by the priest Gregory Littleton of the diocese of Charlotte, who was reduced to the lay state for a violation of minors, together with two documents from the same Littleton, in which he recounted his tragic story of sexual abuse by the then-Archbishop of Newark and several other priests and seminarians. The Nuncio added that Littleton had already forwarded his Memorandum to about twenty people, including civil and ecclesiastical judicial authorities, police and lawyers, in June 2006, and that it was therefore very likely that the news would soon be made public. He therefore called for a prompt intervention by the Holy See.","Likewise, Nuncio Sambi transmitted to the Cardinal Secretary of State, Tarcisio Bertone, an Indictment Memorandum against McCarrick by the Gregory Littleton of the diocese of Charlotte, who was reduced to the lay state for a violation of minors, together with two documents from the same Littleton, in which he recounted his tragic story of sexual abuse by the then-Archbishop of Newark and several other priests and seminarians. The Nuncio added that Littleton had already forwarded his Memorandum to about twenty people, including civil and ecclesiastical judicial authorities, police and lawyers, in June 2006, and that it was therefore very likely that the news would soon be made public. He therefore called for a prompt intervention by the Holy See.",Are the techniques unchanged by the edit? Original techniques: Loaded_Language,,,
125,"Iran’s mischief-making extends far and wide but it is in the Arabian Gulf where friction between the IRGC and the United States Navy remains constant. Iran regards the Arabian Gulf as its domain and but for the presence of the U.S. 5th Fleet, would have full reign over its waters, which include the strategic Strait of Hormuz. In addition to securing the Gulf, the 5th Fleet serves as a constant reminder to the Iranians of their impotence.","Iran’s mischief-making extends far and wide but it is in the Arabian Gulf where friction between the IRGC and the United States for if they deny constant. Iran regards the Arabian Gulf as its domain and but for the presence of the U.S. 5th Fleet, would have full reign over its waters, which include the strategic Strait of Hormuz. In addition to securing the Gulf, the 5th Fleet serves as a constant reminder to the Iranians of their impotence.",Are the techniques unchanged by the edit? Original techniques: Loaded_Language,,,
126,"The seizure of guns without any hearing at all. The laws all contain an “ex parte” provision that allows the state to temporarily seize a person’s guns without even notifying the gun owner or giving him a chance to be heard. This is the quintessential denial of due process. The Fourth Amendment makes clear that a person cannot be denied of liberty (to exercise one’s constitutional right to bear arms) without due process of law. This confiscation is “temporary,” but it can easily lead to long-term or permanent confiscation. Based on the testimony of one unrelated person. The confiscation order can be based on the testimony of only one person claiming that the gun owner poses a risk to the safety of himself or others. The law deceptively says that it has to be the testimony of a “family member.” [Most of the “red flag” laws, such as the one in Washington State, do not limit who can claim the gun owner poses a risk to the safety of himself or others to family members.] But “family member” is defined to include “former dating partners” and anyone who has ever lived with the defendant. So a jilted former boyfriend or girlfriend, or even a roommate from years ago, could easily set in motion the disarming of a lawful gun owner. Using a very low standard of proof. The standard for obtaining an ex parte order against a gun owner is absurdly low – one need only show “reasonable cause” to believe that the person may pose a risk. That’s even lower than the “probable cause” standard for obtaining a search warrant. In addition, the judge is forced to rush his decision and issue the confiscation order on the same day of the ex parte hearing. Within two weeks of the ex parte hearing, a hearing with the gun owner present must occur; the purpose is to put in place a long-term confiscation order. But even at that hearing, the standard of proof is far below the “beyond a reasonable doubt” standard used in criminal trials. Rather, it need only be shown by “a preponderance of evidence” that the person poses a risk of injury to self or others. What kind of evidence? Things like the “reckless storage” of firearms and drinking habits can be considered. If you keep a handgun in the bedside table and drink beer regularly, you may [be] in trouble. Shifting the burden of proof to the gun owner. The long-term confiscation order lasts up to a year, but may be renewed indefinitely. Once it is in place, it becomes very difficult to remove. To have the confiscation order lifted, the gun owner must provehe does not pose a threat to himself or others. Proving a negative is nearly impossible. Adding insult to injury, the bill even authorizes local law enforcement to charge the gun owner a storage fee for confiscating and storing his guns.","The seizure of guns without any hearing at all. The laws all contain an “ex parte” provision that allows the state to temporarily seize a person’s guns without even notifying the gun owner or giving him a chance to be heard. This is the quintessential denial of due process. The Fourth Amendment makes clear that a person cannot be denied of liberty (to exercise one’s constitutional right to bear arms) without due process of law. This confiscation is “temporary,” extinction Based on the testimony of one unrelated person. The confiscation order can be based on the testimony of only one person claiming that the gun owner poses a risk to the safety of himself or others. The law deceptively says that it has to be the testimony of a “family member.” [Most of the “red flag” laws, such as the one in Washington State, do not limit who can claim the gun owner poses a risk to the safety of himself or others to family members.] But “family member” is defined to include “former dating partners” and anyone who has ever lived with the defendant. So a jilted former boyfriend or girlfriend, or even a roommate from years ago, could easily set in motion the disarming of a lawful gun owner. Using a very low standard of proof. The standard for obtaining an ex parte order against a gun owner is absurdly low – one need only show “reasonable cause” to believe that the person may pose a risk. That’s even lower than the “probable cause” standard for obtaining a search warrant. In addition, the judge is forced to rush his decision and issue the confiscation order on the same day of the ex parte hearing. Within two weeks of the ex parte hearing, a hearing with the gun owner present must occur; the purpose is to put in place a long-term confiscation order. But even at that hearing, the standard of proof is far below the “beyond a reasonable doubt” standard used in criminal trials. Rather, it need only be shown by “a preponderance of evidence” that the person poses a risk of injury to self or others. What kind of evidence? Things like the “reckless storage” of firearms and drinking habits can be considered. If you keep a handgun in the bedside table and drink beer regularly, you may [be] in trouble. Shifting the burden of proof to the gun owner. The long-term confiscation order lasts up to a year, but may be renewed indefinitely. Once it is in place, it becomes very difficult to remove. To have the confiscation order lifted, the gun owner must provehe does not pose a threat to himself or others. Proving a negative is nearly impossible. Adding insult to injury, the bill even authorizes local law enforcement to charge the gun owner a storage fee for confiscating and storing his guns.","Are the techniques unchanged by the edit? Original techniques: Causal_Oversimplification, Exaggeration-Minimisation, Loaded_Language",,,
127,"In other words, there have been absolutely no problems whatever with the direction taken either by the Church or by the religious life since Vatican II. Everything that has happened has been in complete and perfect continuity between the Before Church and the After Church; there has been no rupture or break with the past. All changes undertaken by religious houses were perfectly legitimate and good - “fruitful” if, perhaps, a bit “intense” – and have been made in “light of the teachings” of Vatican II and “changed socio-cultural conditions.” There is, therefore, no legitimate reason whatever for any religious house to attempt to “turn back the clock” to the pre-Vatican II norms or styles of religious life. Anyone attempting to do this are Bad Nuns [insert string of incomprehensible papal insults here.]","In other words, there have been absolutely no problems whatever with the direction taken either by the Church or by the religious life since Vatican II. Everything that has happened has been in complete and perfect continuity between the Before Church and the After Church; there has been no rupture or break with the past. All changes undertaken by religious houses were perfectly legitimate and good - “fruitful” if, perhaps, a bit “intense” – and have been made in “light of the teachings” of Vatican II and “changed socio-cultural conditions.” There is, therefore, no legitimate reason whatever for any religious house to attempt to “turn clock” to the pre-Vatican II norms or styles of religious life. Anyone attempting to do this are Bad Nuns [insert string of incomprehensible papal insults here.]","Are the techniques unchanged by the edit? Original techniques: Exaggeration-Minimisation, False_Dilemma-No_Choice, Name_Calling-Labeling, Repetition",,,
128,"The Prince of this World has made a grand display of his authority in the last few centuries. Our saving grace is that, while Westerners no longer believe in God, they still believe in the Devil. We’re at least clear-eyed enough to recognize true evil at work in the world, even if we can no longer see the great Good hidden behind the veil.","The NOTHING is being done has made a grand display of his authority in the last few centuries. Our saving grace is that, while Westerners no longer believe in God, they still believe in the Devil. We’re at least clear-eyed enough to recognize true evil at work in the world, even if we can no longer see the great Good hidden behind the veil.",Is Exaggeration-Minimisation PRESENT and Name_Calling-Labeling ABSENT in the edited text?,,,
129,"Indonesia is more hospitable to Chinese Christians today than the short period in the 90s when there was a problem. But basically, Saris wants the illegal aliens the opportunity to submit another asylum application, and benefit by the years it will take to adjudicate those claims. Basically Saris wants these illegals to never leave. That, of course is not her role. The only claim they have before a Federal court is if they got the due process that Congress gave those illegal aliens. And they did, they filed for asylum, had a hearing and appeals, and lost.","Indonesia is more hospitable to Chinese Christians today than the short period in the 90s when there was a problem. But basically, Saris wants the illegal aliens the opportunity to submit another asylum application, and benefit by the years it will take awarded to The New York to adjudicate those claims. Basically Saris wants these illegals to never leave. That, of course is not her role. The only claim they have before a Federal court is if they got the due process that Congress gave those illegal aliens. And they did, they filed for asylum, had a hearing and appeals, and lost.",Are the techniques unchanged by the edit? Original techniques: Repetition,,,
130,"Another requirement will be for a “religious assistant,” a priest monitoring the monastery in addition to a chaplain, to be assigned by the federation. Sister writes that this was rejected “years ago” by Carmelite monasteries as undue interference. The religious assistant will have unprecedented powers. Article 23 states, for instance, “In discerning the foundation of a new monastery on the part of a single monastery, the Federal President and the religious assistant intervene to help the superior of the founding monastery. The discernment on the foundation of a new monastery by the Federation is made within the framework of the Federal Assembly.”","Another requirement will be for a “religious assistant,” a priest monitoring the monastery in addition to a chaplain, to be assigned by the federation. Sister writes that this was rejected “years ago” by Carmelite monasteries as undue interference. The religious assistant will have powers. Article 23 states, for instance, “In discerning the foundation of a new monastery on the part of a single monastery, the Federal President and the religious assistant intervene to help the superior of the founding monastery. The discernment on the foundation of a new monastery by the Federation is made within the framework of the Federal Assembly.”",Is Loaded_Language ABSENT from the edited text?,,,
131,"Amber Guyger took an innocent person’s life, and because people are so blinded by the badge, she is being portrayed as the victim. To those who attempt to claim there is no bias in this horrifically flawed system, if ever there was a case to prove you wrong—this is it. A tragedy indeed.","Amber Guyger took an person’s life, and because people are so blinded by the badge, she is being portrayed as the victim. To those who attempt to claim there is no bias in this horrifically flawed system, if ever there was a case to prove you wrong—this is it. A tragedy indeed.",Is Repetition ABSENT from the edited text?,,,
132,"Finally, I ask you all to join me and the entire clergy of the Diocese of Madison in making public and private acts of reparation to the Most Sacred Heart of Jesus and to the Immaculate Heart of Mary for all the sins of sexual depravity committed by members of the clergy and episcopacy. I will be offering a public Mass of reparation on Friday, September 14, the Feast of the Triumph of the Holy Cross, at Holy Name Heights and I ask all pastors to do the same in their own parishes. In addition, I ask that all priests, clergy, religious, and diocesan employees join me in observing the upcoming Autumn Ember Days (Sep. 19, 21, and 22) as days of fasting and abstinence in reparation for the sins and outrages committed by members of the clergy and episcopacy and I invite all the faithful to do the same. Some sins, like some demons, can only be driven out by prayer and fasting.","Finally, I ask you all to join me and the entire clergy of the Diocese of Madison in making public and private acts of reparation to the Most Sacred Heart of Jesus and to the Immaculate Heart of Mary for all the sins of sexual depravity committed by members of the clergy and episcopacy. I will be offering a public Mass of reparation on Friday, September 14, the Feast of the Triumph of the Holy Cross, at Holy Name Heights and I ask all pastors to do the same in their own parishes. In addition, I ask that all priests, clergy, religious, and diocesan employees join me in observing the upcoming Autumn Ember Days (Sep. 19, 21, and 22) as days of fasting and abstinence in reparation for the its final extremity committed by members of the clergy and episcopacy and I invite all the faithful to do the same. Some sins, like some demons, can only be driven out by prayer and fasting.",Is Exaggeration-Minimisation PRESENT and Loaded_Language ABSENT in the edited text?,,,
133,"Under this system the onus, effectively, is on the patient to prove according to the new criteria that he is worthy of receiving medical treatment – of continuing to live. Medical treatment (which legally includes food and water) can be withdrawn from patients who fail to demonstrate that they will recover sufficiently to return to an autonomous lifestyle.","Under this system the onus, effectively, is on the patient to prove according to the new criteria that he is worthy of receiving medical treatment – of continuing to live. Medical treatment (which legally includes food and water) can be withdrawn from patients who fail to demonstrate that they will recover sufficiently to return to an lifestyle.",Is Repetition ABSENT from the edited text?,,,
134,"This is what a courageous shepherd looks like! In our opinion, during the most vile clergy sex scandal in history, every bishop in the country must do exactly what Bishop Morlino has done, i.e., issue a statement of fidelity to the Church’s moral theology, specifically her teaching against the mortal sin of homosexual acts. In so doing, the bishops will incur the wrath of the enemies of the Church, yes. They will be crucified in the media, yes. But they will also be doing their sacred duty before God in reassuring their thoroughly scandalized flocks that they are absolutely committed to the defense and enforcement of the Church’s moral teaching at a time when it is under scurrilous attack from within. Nothing less will do. Bishop Morlino has now done it, and we respectfully demand that the rest of the American bishops either follow suit or face the charge of being complicit with the degenerate and even criminal shepherds, accounts of whose betrayal and vice now dominate the news. May God bless and keep Bishop Robert Morlino. MJM","This is what a courageous shepherd looks like! In our opinion, during the most vile clergy sex scandal in history, every bishop in the country must do exactly what Bishop Morlino has done, i.e., issue a statement of fidelity to the Church’s moral theology, specifically her teaching against the mortal sin of homosexual acts. In so doing, the bishops will incur the wrath of the enemies of the Church, yes. They will be crucified in the media, yes. But they will also be doing their sacred duty before God in reassuring their thoroughly scandalized flocks that they are absolutely committed to the defense and enforcement of the Church’s moral teaching at a time when it is under scurrilous attack from within. Nothing less will do. Bishop Morlino has now done it, and we respectfully demand that the rest of the American bishops either follow suit or face the charge of being complicit with the degenerate and even criminal shepherds, accounts of whose betrayal and vice now dominate the news.. MJM",Is Slogans ABSENT from the edited text?,,,
135,"According to Breitbart, in the mother’s post on Facebook, which has since been taken down, Patricia Spittler asks for help in identifying the man she called “scum bag of the year.” The San Antonio CBS affiliate reported that Spittler wrote: “His friend was wearing a patriotic hat, and this happened! It would be nice to know who he is for someone to let him know his actions are not okay!” Spittler added: “Real tough guy… approaches a group of teenagers minding their own business just having a burger! He kept his hat, too.”","According to Breitbart, in the mother’s post on Facebook, which has since been taken down, Patricia Spittler asks for help in identifying the man she called “scum bag of the year.” The San Antonio CBS affiliate reported that Spittler wrote: “His friend was wearing a hat, and this happened! It would be nice to know who he is for someone to let him know his actions are not okay!” Spittler added: “Real tough guy… approaches a group of teenagers minding their own business just having a burger! He kept his hat, too.”",Is Flag_Waving ABSENT from the edited text?,,,
136,"Abd al-Mumin…the leader of the Almohads after the death of Muhammad ibn Tumart the Mahdi…captured Tlemcen [in the Maghreb] and killed all those who were in it, including the Jews, except those who embraced Islam…. [In Sijilmasa] one hundred and fifty persons were killed for clinging to their [Jewish] faith…. All the cities in the Almoravid state were conquered by the Almohads. One hundred thousand persons were killed in Fez on that occasion, and 120,000 in Marrakesh. The Jews in all [Maghreb] localities [conquered]…groaned under the heavy yoke of the Almohads; many had been killed, many others converted; none were able to appear in public as Jews.","Abd al-Mumin…the leader of the Almohads after the death of Muhammad ibn Tumart the Mahdi…captured Tlemcen [in the Maghreb] and killed all those who were in it, including the Jews, except those who embraced Islam…. [In Sijilmasa] one hundred and fifty persons were killed for clinging to their [Jewish] faith…. All the cities in the Almoravid state were conquered by the Almohads. One hundred thousand persons were killed in Fez on that occasion, and 120,000 in Marrakesh. The Jews in all [Maghreb] localities [conquered]…groaned under the heavy yoke of the Almohads; many had been killed, to attack Franken during his 2008 Senate campaign in Minnesota. many others converted; none were able to appear in public as Jews.",Are the techniques unchanged by the edit? Original techniques: Loaded_Language,,,
137,"You do not like to beat around the bush, and neither do we, so allow us to say frankly that we do not understand your teaching about Islam, as we read in paragraphs 252 and 253 of Evangelii Gaudium, because it does not account for the fact that Islam came AFTER Christ, and so is, and can only be, an Antichrist (see 1 Jn 2.22), and one of the most dangerous because it presents itself as the fulfillment of Revelation (of which Jesus would have been only a prophet). If Islam is a good religion in itself, as you seem to teach, why did we become Catholic? Do not your words question the soundness of the choice we made at the risk of our lives? Islam prescribes death for apostates (Quran 4.89, 8.7-11), do you know? How is it possible to compare Islamic violence with so-called Christian violence? “What is the relationship between Christ and Satan? What union is there between light and darkness? What association between the faithful and the unfaithful?” (2 Cor 6: 14-17)In accordance with His teaching (Lk 14:26), we preferred Him, the Christ, to our own life. Are we not in a good position to talk to you about Islam?","You do not like to beat around the bush, and neither do we, so allow us to say frankly that we do not understand your teaching about Islam, as we read in paragraphs 252 and 253 of Evangelii Gaudium, because it does not account for the fact that Islam came AFTER Christ, and so is, and can only be, an Antichrist (see 1 Jn 2.22), and one of the most dangerous because it presents itself as the fulfillment of Revelation (of which Jesus would have been only a prophet). If Islam is a good religion in itself, as you seem to teach, why did we become Catholic? Do not your words question the soundness of the choice we made at the risk of our lives? Islam prescribes death for apostates (Quran 4.89, 8.7-11), do you know? How is it possible to compare Islamic violence with so-called Christian violence? Local health officials in Democratic Republic of Congo reported 21 patients showing signs of hemorrhagic fever and 17 deaths in the affected area What union is there between light and darkness? What association between the faithful and the unfaithful?” (2 Cor 6: 14-17)In accordance with His teaching (Lk 14:26), we preferred Him, the Christ, to our own life. Are we not in a good position to talk to you about Islam?","Are the techniques unchanged by the edit? Original techniques: Doubt, False_Dilemma-No_Choice",,,
138,"Dina Habib Powell was an influential figure in the Bush administration. The Egyptian-American immigrant had served as a gatekeeper for George W. Bush. If you wanted a job, you went through her. Barely 30, Habib Powell had more power than many of the big Bush era names you do know. Then she took on the mission of promoting America to the Muslim world at the State Department. There were cultural exchanges with Iran and money for Lebanon and the Palestinian Authority. Afterward it was off to make millions through philanthropy at the Goldman Sachs Foundation. Habib Powell had all the right friends. Like Valerie Jarrett. Arianna Huffington praised the White House for bringing her in. Her ex-husband heads up Teneo Strategy: the organization created by the same man who made the Clinton Foundation happen and which employed Huma Abedin. You could see her posing next to Huma, Arianna and a Saudi princess. You can see her photographed at the American Task Force of Palestine gala. The ATFP was originally Rashid Khalidi’s American Committee on Jerusalem. Khalidi was the former PLO spokesman at the center of the Obama tape scandal. And Habib Powell was there as a presenter at the Middle East Institute after a speech by the PLO’s Hanan Ashrawi. Unlike McFarland, Habib Powell had no national security background. But though her parents were Christians, she had the “right” views on Islam. In Egypt, she had described how Bush after September 11 had, “visited a mosque, took off his shoes and paid his respects.” ""I see the president talk of Islam as a religion of peace, I see him host an iftar every year.” Habib Powell had attended such an iftar dinner. Habib Powell has been described as the Republican Huma Abedin. And she was quoted as saying that Abedin “feels a deep responsibility to encourage more mutual understanding between her beliefs and culture and American culture.”","Dina Habib Powell was an influential figure in the Bush administration. The Egyptian-American immigrant had served as a gatekeeper for George W. Bush. If you wanted a job, you went through her. Barely 30, Habib Powell had more power than many of the big Bush era names you do know. Then she took on the mission of promoting America to the Muslim world at the State Department. There were cultural exchanges with Iran and money for Lebanon and the Palestinian Authority. Afterward it was off to make millions through philanthropy at the Goldman Sachs Foundation. Habib Powell had all the right friends. Like Valerie Jarrett. Arianna Huffington praised the White House for bringing her in. Her ex-husband heads up Teneo Strategy: the organization created by the same man who made the Clinton Foundation happen and which employed Huma Abedin. You could see her posing next to Huma, Arianna and a Saudi princess. You can see her photographed at the American Task Force of Palestine gala. The ATFP was originally Rashid Khalidi’s American Committee on Jerusalem. Khalidi was the former PLO spokesman at the center of the Obama tape scandal. And Habib Powell was there as a presenter at the Middle East Institute after a speech by the PLO’s Hanan Ashrawi. Unlike McFarland, Habib Powell had no national security background. But though her parents were Christians, she had the “right” views on Islam. In Egypt, she had described how Bush after September 11 had, “visited a mosque, took off his shoes and paid his respects.” ""I see the president talk of Islam as a religion of peace, I see him host an iftar every year.” Habib Powell had attended such an iftar dinner. Habib Powell has been described as the Republican Huma Abedin. And she was quoted as saying that Abedin “feels a deep responsibility to encourage more mutual understanding between her beliefs and culture and End The Korean War.”",Is Slogans PRESENT and Flag_Waving ABSENT in the edited text?,,,
139,"And sure enough, within hours of making his letter public, we learned that Fr. Weinandy had been given the boot. Of course, the Twitterverse is busy commenting on the irony: how a man expressing grave concerns that there is an atmosphere of fear of being punished for expressing grave concerns, was immediately fired.","And sure enough, within hours of making his letter public, we learned that Fr. Weinandy had been. Of course, the Twitterverse is busy commenting on the irony: how a man expressing grave concerns that there is an atmosphere of fear of being punished for expressing grave concerns, was immediately fired.",Is Loaded_Language ABSENT from the edited text?,,,
140,"That’s where the brilliance, ingenuity, and cunningness of the cover-up come into play.","That’s where the brilliance, ingenuity, and cunningness of the cover-up come into play. compared Orbán unfavourably to both the Nazis and the Communists",Is Guilt_by_Association PRESENT in the edited text?,,,
141,"Obviously not going to happen. But the story is breaking through the embargo. We're starting to have that ""national dialogue"" about racism that the left keeps wanting us to have.","My god will wipe this country (America) from the face of the earth. But the story is breaking through the embargo. We're starting to have that ""national dialogue"" about racism that the left keeps wanting us to have.",Is Appeal_to_Fear-Prejudice PRESENT and Doubt ABSENT in the edited text?,,,
142,"Now that President Trump is trying to clean up the mess Obama and Kerry left him, Kerry has the gall to label President Trump’s decision a ""reckless abandonment of facts in favor of ego and ideology"" and to accuse the Trump administration of “lying to the American people.” It was the Obama administration that recklessly abandoned the facts in pressing ahead with the deal. The Obama administration lied to the American people, abandoning its own promises to ensure that the deal contained ironclad protections. Moreover, all that President Trump has done so far is to return the JCPOA to Congress for review. Had Obama followed the Constitution and submitted the JCPOA to the Senate as a treaty in the first place, the JCPOA in its present form almost certainly would not have been approved. Congress should now have the opportunity to revisit the JCPOA to determine whether the protections that the Obama administration promised are working as advertised. Congress should also consider whether time limits on Iran’s commitments continue to make sense in light of what we are now experiencing with Iran’s nuclear technology collaborator, North Korea. It bought time to turn into a full-fledged nuclear power under our noses.","Now that President Trump is trying to clean up the mess Obama and Kerry left him, Kerry has the gall to label President Trump’s decision a ""reckless abandonment of facts in favor of ego and ideology"" and to accuse the Trump administration of “lying to the American people.” It was the Obama administration that recklessly abandoned the facts in pressing ahead with the deal. The Obama administration lied to the American people, abandoning its own promises to ensure that the deal contained ironclad protections. Moreover, all that President Trump has done so far is to return the JCPOA to Congress for review. Had Obama followed the Constitution and submitted the JCPOA to the Senate as a treaty in the first place, the JCPOA in its present form almost certainly would not have been approved. Congress should now have the opportunity to revisit the JCPOA to determine whether the protections that the Obama administration promised are working as advertised. but what about Judith Miller and The New York Times lying the West into war Congress should also consider whether time limits on Iran’s commitments continue to make sense in light of what we are now experiencing with Iran’s nuclear technology collaborator, North Korea. It bought time to turn into a full-fledged nuclear power under our noses.",Is Whataboutism PRESENT in the edited text?,,,
143,"But things obviously went dreadfully wrong in Mexico City, which is why the CIA had to shut down that part of the post-assassination investigation. Not surprisingly, the CIA’s Mexico City operations regarding Oswald are among the 98 percent of the records that Trump and the CIA have chosen to continue keeping secret from the American people, on grounds of “national security” of course.","But things obviously went dreadfully wrong in Mexico City, which is why the CIA had to shut down that part of the post-assassination investigation. Not surprisingly, the CIA’s Mexico City operations regarding Oswald are among the 98 percent of the records that Trump and the CIA have chosen to continue, on grounds of “national security” of course.",Is Flag_Waving ABSENT from the edited text?,,,
144,"Manafort held secret talks with Assange in Ecuadorian embassy Donald Trump’s former campaign manager Paul Manafort held secret talks with Julian Assange inside the Ecuadorian embassy in London, and visited around the time he joined Trump’s campaign, the Guardian has been told. Sources have said Manafort went to see Assange in 2013, 2015 and in spring 2016 – during the period when he was made a key figure in Trump’s push for the White House. It is unclear why Manafort wanted to see Assange and what was discussed. But the last meeting is likely to come under scrutiny and could interest Robert Mueller, the special prosecutor who is investigating alleged collusion between the Trump campaign and Russia. A well-placed source has told the Guardian that Manafort went to see Assange around March 2016. Months later WikiLeaks released a stash of Democratic emails stolen by Russian intelligence officers. Manafort, 69, denies involvement in the hack and says the claim is “100% false”. His lawyers declined to answer the Guardian’s questions about the visits.","Manafort held secret talks with Assange in Ecuadorian embassy Donald Trump’s former campaign manager Paul Manafort held secret talks with Julian Assange inside the Ecuadorian embassy in London, and visited around the time he joined Trump’s campaign, the Guardian has been told. Sources have said Manafort went to see Assange in 2013, 2015 and in spring 2016 – during the period when he was made a key figure in Trump’s push for the White House. It is unclear why Manafort wanted to see Assange and what was discussed. But the last meeting is likely to come under scrutiny and could interest Robert Mueller, the special prosecutor who is investigating alleged collusion between the Trump campaign and Russia. A well-placed source has told the Guardian that Manafort went to see Assange around March 2016. Months later WikiLeaks released a stash of Democratic emails stolen by Russian intelligence officers. Manafort, 69, denies involvement in the hack and says the claim is “100% false”. wannabe statist dictator and naive do-gooder His lawyers declined to answer the Guardian’s questions about the visits.",Is Name_Calling-Labeling PRESENT in the edited text?,,,
145,"After two years the only evidence we have of Russiagate is that it is a conspiracy against President Trump and the American people. Indeed, Mueller, fully aware that there was no Trump-Putin conspiracy, has not bothered to look for any evidence as there can be no evidence of something that did not happen. He pulled out of a hat some phony and meaningless indictments of some Russians in order to make it look like there was a conspiracy without having to prove it, but his main focus has been on framing Paul Manafort.","After two years the only evidence we have of Russiagate is that. Indeed, Mueller, fully aware that there was no Trump-Putin conspiracy, has not bothered to look for any evidence as there can be no evidence of something that did not happen. He pulled out of a hat some phony and meaningless indictments of some Russians in order to make it look like there was a conspiracy without having to prove it, but his main focus has been on framing Paul Manafort.",Is Flag_Waving ABSENT from the edited text?,,,
146,"While there can be no doubt that the impending total extinction of the Carmelite Order in Western Europe was foremost in the minds of the nuns present, it seems that the issue was simply not addressed out loud by the representatives of the bureaucracy.","While there can be no doubt that the impending total extinction of the Carmelite Order in Western Europe was foremost in the minds of the nuns present, it seems that the issue was simply not addressed out loud by the representatives of the He said that",Are the techniques unchanged by the edit? Original techniques: Loaded_Language,,,
147,"Even worse, the bannings of Sellner, Pettibone, Southern, and Bachmann were just part of a long pattern. Pamela Geller and I were banned from entering Britain in 2013, apparently for life, also for the crime of telling the truth about Islam and jihad. Meanwhile, Britain has a steadily lengthening record of admitting jihad preachers without a moment of hesitation. Syed Muzaffar Shah Qadri’s preaching of hatred and jihad violence was so hardline that he was banned from preaching in Pakistan, but the UK Home Office welcomed him into Britain.","Even worse, the bannings of Sellner, Pettibone, Southern, and Bachmann were just part of a long pattern. Pamela Geller and I were banned from entering Britain in 2013, apparently for life, the truth about Islam and jihad. Meanwhile, Britain has a steadily lengthening record of admitting jihad preachers without a moment of hesitation. Syed Muzaffar Shah Qadri’s preaching of hatred and jihad violence was so hardline that he was banned from preaching in Pakistan, but the UK Home Office welcomed him into Britain.","Are the techniques unchanged by the edit? Original techniques: Appeal_to_Fear-Prejudice, Exaggeration-Minimisation, False_Dilemma-No_Choice, Name_Calling-Labeling",,,
148,"Comments This field is for validation purposes and should be left unchanged. Completing this poll grants you access to Freedom Outpost updates free of charge. You may opt out at anytime. You also agree to this site's Privacy Policy and Terms of Use. “It is true. She did send it,” said Burnadette Norris-Weeks, an attorney who works as counsel to the Supervisor of Elections Office. Evelyn Perez-Verdia, a former office spokeswoman who left several years ago, said Sunday evening she was told by people in the office that the letter was sent “to Tallahassee” earlier in the day. Norris-Weeks said she saw an early draft of the letter. In the version she saw, she said Snipes, 75, expressed a desire to spend more time with her family. In the final version of the resignation letter, sent to Gov. Rick Scott, Snipes said it was her “passion and honor” to have served in the office. “I am ready to pass the torch,” she wrote in the letter, which made no mention of controversies surrounding the 2018 election.","Comments This field is for validation purposes and should be left unchanged. Completing this poll grants you access to Freedom Outpost updates free of charge. You may opt out at anytime. You also agree to this site's Privacy Policy and Terms of Use. “It is true. She did send it,” said Burnadette Norris-Weeks, an attorney who works as counsel to the Supervisor of Elections Office. Evelyn Perez-Verdia, a former office spokeswoman who left several years ago, said Sunday evening she was told by people in the office that the letter was sent “to Tallahassee” earlier in the day. Norris-Weeks said she saw an early draft of the letter. In the version she saw, she said Snipes, 75, expressed a desire to spend more time with her family. In the final version of the resignation letter, sent to Gov. Rick Scott, Snipes said it was her “” to have served in the office. “I am ready to pass the torch,” she wrote in the letter, which made no mention of controversies surrounding the 2018 election.",Is Loaded_Language ABSENT from the edited text?,,,
149,"First, the very people who have been loudest in attacking President Trump about his performance at the Helsinki summit are the people who failed to protect America from Russian meddling in 2016. The very intensity and nastiness of former CIA Director Brennan and former Director of National Intelligence Clapper is an attempt to distract attention from their failure to protect America. It was their duty in 2016 – not candidate Trump’s. Second, the Trump administration has been far tougher on Russia than President Obama ever dreamed of being. The Trump administration is taking real actions designed to weaken Russia and force Putin to change his aggressive behavior. The Trump administration has levied tough sanctions on Russia. Also, President Trump’s public lecture about Germany not buying natural gas from Russia was aimed at cutting Putin off from hard currency worth tens of billions of dollars and further weakening the Russian economy. Furthermore, President Trump’s efforts to get our European allies to increase their defense spending has a direct impact on Putin. The stronger NATO is, the less maneuvering room Russia has. Beyond pressuring our allies, consider these specific steps President Trump has taken against Russia: Where President Obama refused to provide serious weapons to the Ukrainians to help them defend themselves (his response was weakness on a pathetic scale), President Trump has approved the sale of offensive weapons to enable the Ukrainians to increase the cost of Russian aggression. When the Russians used chemical weapons in Great Britain, President Trump joined our allies and expelled 60 Russian intelligence officers from the United States. When the Russians retaliated, the Trump administration closed the Russian consulate in Seattle. President Trump had previously shuttered the Russian consulate in San Francisco and smaller annexes in Washington and New York. More than 100 Russian individuals and companies have been sanctioned for a variety of reasons. Despite the hysteria of the left, it is impossible to see the Trump administration as anything but firm in its dealing with Russia. Nothing done in Helsinki made life easier for the Putin regime in its continued economic decay and diplomatic isolation due to the sanctions regime.","First, the very people who have been loudest in attacking President Trump about his performance at the Helsinki summit are the people who failed to protect America from Russian meddling in 2016. The very intensity and nastiness of former CIA Director Brennan and former Director of National Intelligence Clapper is an attempt to distract attention from their failure to protect America. It was their duty in 2016 – not candidate Trump’s. Second, the Trump administration has been far tougher on Russia than President Obama ever dreamed of being. The Trump administration is taking real actions designed to weaken Russia and force Putin to change his aggressive behavior. The Trump administration has levied tough sanctions on Russia. Also, President Trump’s public lecture about Germany not buying natural gas from Russia was aimed at cutting Putin off from hard currency worth tens of billions of dollars and further weakening the quote by his predecessor Benedict, President Trump’s efforts to get our European allies to increase their defense spending has a direct impact on Putin. The stronger NATO is, the less maneuvering room Russia has. Beyond pressuring our allies, consider these specific steps President Trump has taken against Russia: Where President Obama refused to provide serious weapons to the Ukrainians to help them defend themselves (his response was weakness on a pathetic scale), President Trump has approved the sale of offensive weapons to enable the Ukrainians to increase the cost of Russian aggression. When the Russians used chemical weapons in Great Britain, President Trump joined our allies and expelled 60 Russian intelligence officers from the United States. When the Russians retaliated, the Trump administration closed the Russian consulate in Seattle. President Trump had previously shuttered the Russian consulate in San Francisco and smaller annexes in Washington and New York. More than 100 Russian individuals and companies have been sanctioned for a variety of reasons. Despite the hysteria of the left, it is impossible to see the Trump administration as anything but firm in its dealing with Russia. Nothing done in Helsinki made life easier for the Putin regime in its continued economic decay and diplomatic isolation due to the sanctions regime.","Are the techniques unchanged by the edit? Original techniques: Exaggeration-Minimisation, Flag_Waving, Loaded_Language, Repetition",,,
150,"When it comes to Iran’s governing authorities, the Trump administration is under no illusions about the nefarious nature of this fascist theocracy. “We are restoring clarity about our adversaries,” Trump stated in a not too subtle jibe at his predecessor who seemed to be in a perpetual state of confusion about who his friends and enemies were. Trump also referenced the recent widespread Iranian protests, crushed with extreme ruthlessness by the Iranian Revolutionary Guard Corps and its Basij auxiliary militia. “When the people of Iran rose up against the crimes of a corrupt dictatorship,” he stated, “I did not stay silent. America stands with the people of Iran in their courageous struggle for freedom.”","When it comes to Iran’s governing authorities, the Trump administration is under no illusions about the nefarious nature of this fascist theocracy. “We are restoring clarity about our adversaries,” Trump stated in a not too subtle jibe at his predecessor who seemed to be in a perpetual state of confusion about who his friends and enemies were. Trump also referenced the recent widespread Iranian protests, crushed with extreme ruthlessness by the Iranian Revolutionary Guard Corps and its Basij auxiliary militia. “When the people of Iran rose up against the crimes of a corrupt dictatorship,” he stated, “I did not stay silent. beaten to death and then dismembered",Is Appeal_to_Fear-Prejudice PRESENT and Flag_Waving ABSENT in the edited text?,,,
151,"Three minutes later, a unit of the Anti-Crime Brigade (BAC) — who happened to be patrolling the area — took up position in front of Diara’s door. They heard Kobili Traore chanting Muslim prayers and Koranic verses. Unsure about the situation and the potential threats to the family, they asked for reinforcements. Additional policemen arrived quickly. However, for some unclear reason, the BAC unit still refrained from breaking in. In the meantime, Kobili Traore put on new clothes and climbed out of the window to reach Sarah Halimi’s apartment, which was at the same level as Diara Traore’s. He allegedly assaulted the Jewish woman and hit her mercilessly. From time to time he resumed Koranic recitation. Many neighbours, woken by the old woman’s screams or the assaulter’s religious chanting, called the police Some gave details about the exact location of the assault, the attacker’s identity, the fact he vilified his victim as a Jewish person and as “a Satan” while hitting her, or even — as far as the Muslim neighbours were concerned — the Koranic portions he chanted. Yet the police still failed to storm Sarah Halimi’s apartment and rescue her. Eventually, Kobili Traore is claimed to have shouted that the woman was “mad and about to commit suicide”, and threw her out of the window. He had time enough to climb back to Diara Traore’s apartment where he finally was arrested. His hands were covered in blood. There was blood everywhere in his victim’s apartment.","Three minutes later, a unit of the Anti-Crime Brigade (BAC) — who happened to be patrolling the area — took up position in front of Diara’s door. They heard Kobili Traore chanting Muslim prayers and Koranic verses. Unsure about the situation and the potential threats to the family, they asked for reinforcements. Additional policemen arrived quickly. However, for some unclear reason, the BAC unit still refrained from breaking in. In the meantime, Kobili Traore put on new clothes and climbed out of the window to reach Sarah Halimi’s apartment, which was at the same level as Diara Traore’s. He allegedly assaulted the Jewish woman and Character Assassination. From time to time he resumed Koranic recitation. Many neighbours, woken by the old woman’s screams or the assaulter’s religious chanting, called the police Some gave details about the exact location of the assault, the attacker’s identity, the fact he vilified his victim as a Jewish person and as “a Satan” while hitting her, or even — as far as the Muslim neighbours were concerned — the Koranic portions he chanted. Yet the police still failed to storm Sarah Halimi’s apartment and rescue her. Eventually, Kobili Traore is claimed to have shouted that the woman was “mad and about to commit suicide”, and threw her out of the window. He had time enough to climb back to Diara Traore’s apartment where he finally was arrested. His hands were covered in blood. There was blood everywhere in his victim’s apartment.",Is Slogans PRESENT and Loaded_Language ABSENT in the edited text?,,,
152,"Nation of Islam leader and prominent antisemite Louis Farrakhan chanted “Death to America” and claimed that “America has never been a democracy” on Sunday during a solidarity trip to Iran, ahead of the re-implementation of US sanctions on the country this week. According to Iran’s semi-official state news agency Mehr, Farrakhan said at a meeting with the Secretary of Iran’s Expediency Council Mohsen Rezaei that America is conspiring against Iran. “I understand how the enemies have plotted against the Iranian people and I would like to stay alongside you to stop their plots,” he said. He also blasted American support for Saudi Arabia, Iran’s arch-rival in the region, and added, “Satan seeks to divide Muslims and wants them to kill each other, while God tells us in the Quran to be united.”","Nation of Islam leader and prominent antisemite Louis Farrakhan chanted “Death to America” and claimed that “a witch hunt” on Sunday during a solidarity trip to Iran, ahead of the re-implementation of US sanctions on the country this week. According to Iran’s semi-official state news agency Mehr, Farrakhan said at a meeting with the Secretary of Iran’s Expediency Council Mohsen Rezaei that America is conspiring against Iran. “I understand how the enemies have plotted against the Iranian people and I would like to stay alongside you to stop their plots,” he said. He also blasted American support for Saudi Arabia, Iran’s arch-rival in the region, and added, “Satan seeks to divide Muslims and wants them to kill each other, while God tells us in the Quran to be united.”",Is Name_Calling-Labeling PRESENT and Doubt ABSENT in the edited text?,,,
153,"The authorities stonewalled at every turn. And, predictably, the killer gets a pass. Allahu Akbar usually means motive unknown.","The authorities stonewalled at every turn. And, predictably, the killer gets a pass. Allahu Akbar usually means motive unknown. Any observer could be forgiven for believing that prosecution and defense both got the outcome they wanted.","Are the techniques unchanged by the edit? Original techniques: Loaded_Language, Obfuscation-Vagueness-Confusion",,,
154,"The American Jewish Historical Society was founded to study and preserve Jewish history. These days it’s instead partnering with Jewish Voice for Peace: an anti-Israel BDS hate group that defends anti-Semitism and which sponsored talks by an anti-Semite who accused Jews of drinking blood. Coming up in late October is “The Balfour Declaration: Support for a Jewish Homeland or Jewish State?” The two speakers are Robert Herbst, the coordinator of the Westchester chapter of JVP, and Jonathan Kuttab, who advocates a one-state solution for eliminating Israel. He had tweeted, ""EU no longer considers #Hamas a terrorist group. Time for US to do same."" In December, the AJHS will feature “Rubble Rubble”, a play by Dan Fishback based on his trip to Israel. Fishback is a BDS supporter and a member of the JVP Artists Council. His goal is to “normalize Jewish anti-Zionism”. AJHS and JVP members get discounted admission.","The American Jewish Historical Society was founded to study and preserve Jewish history. These days it’s instead partnering with Jewish Voice for Peace: an anti-Israel BDS hate group that defends anti-Semitism and which sponsored talks by an anti-Semite who Shame on those who are supposed to uphold law and justice! Shame. Coming up in late October is “The Balfour Declaration: Support for a Jewish Homeland or Jewish State?” The two speakers are Robert Herbst, the coordinator of the Westchester chapter of JVP, and Jonathan Kuttab, who advocates a one-state solution for eliminating Israel. He had tweeted, ""EU no longer considers #Hamas a terrorist group. Time for US to do same."" In December, the AJHS will feature “Rubble Rubble”, a play by Dan Fishback based on his trip to Israel. Fishback is a BDS supporter and a member of the JVP Artists Council. His goal is to “normalize Jewish anti-Zionism”. AJHS and JVP members get discounted admission.",Is Doubt PRESENT and Loaded_Language ABSENT in the edited text?,,,
155,"It is notable that these remarks preceded Trump’s discussion of the nuclear deal – which was the ostensible subject of his speech. Before Trump discussed Iran’s breaches of the nuclear deal, he first demonstrated that contrary to the expressed views of his top advisers, it is impossible to limit a realistic discussion of the threat Iran constitutes to US national security and interests to whether or not and it what manner it is breaching the nuclear accord.","It is notable that these remarks preceded Trump’s discussion of the nuclear deal – which was the ostensible subject of his speech. Before Trump discussed Iran’s breaches of the nuclear deal, he first demonstrated that contrary to the expressed views of his top advisers, it is impossible to limit a realistic discussion of to whether or not and it what manner it is breaching the nuclear accord.",Is Appeal_to_Fear-Prejudice ABSENT from the edited text?,,,
156,"“Well, they could be–lets face it, ISIS twice before the attack, ISIS warned the United States that they would attack Las Vegas in June and August after the attack claimed responsibility four times. Meanwhile, the local law enforcement investigative services are telling us there is no terrorist connection–lone gunman, again, something is not adding up,” Perry replied.","face it, ISIS twice before the attack, ISIS warned the United States that they would attack Las Vegas in June and August after the attack claimed responsibility four times. Meanwhile, the local law enforcement investigative services are telling us there is no terrorist connection–lone gunman, again, something is not adding up,” Perry replied.",Are the techniques unchanged by the edit? Original techniques: Doubt,,,
157,"In April 2016, Zakkout promoted a report discussing the absurd notion of Jewish involvement in the September 11th attacks on the World Trade Center and the Pentagon. A photo from the report shows the burning towers with a Jewish Star affixed to one. The report begins, “It ain’t debatable! Soup to nuts, top to bottom, the 9/11/01 terrorist attacks on New York City and Washington D.C. were an ‘Israeli’-Jewish job.” The website which published the report and which Zakkout linked to is Mouqawamah Music, a site that openly calls for “Death to Israel” and labels the Jewish religion “wicked and filth-ridden.”","In April 2016, Zakkout promoted a report discussing the notion of Jewish involvement in the September 11th attacks on the World Trade Center and the Pentagon. A photo from the report shows the burning towers with a Jewish Star affixed to one. The report begins, “It ain’t debatable! Soup to nuts, top to bottom, the 9/11/01 terrorist attacks on New York City and Washington D.C. were an ‘Israeli’-Jewish job.” The website which published the report and which Zakkout linked to is Mouqawamah Music, a site that openly calls for “Death to Israel” and labels the Jewish religion “wicked and filth-ridden.”",Is Loaded_Language ABSENT from the edited text?,,,
158,"To recap, the formerly terrorist-classified organization MEK, trained in the US and granted special privilege status by then-Secretary of State Hillary Clinton in 2012—which has since been heavily funded to refine their image by having famous US neoconservative war hawks from both sides of the isle actually chant for “regime change” on their behalf—is now the darling child of the neocon agenda and the impetus behind what could kick of World War 3.","To recap, the formerly terrorist-classified organization MEK, trained in the US and granted special privilege status by then-Secretary of State Hillary Clinton in 2012—which has since been heavily funded to refine their image by having famous US neoconservative war hawks from both sides of the isle actually chant for “regime change” on their behalf—is now the if Julian Assange is allowed to literally go under, it represents the conquest of all of us of the neocon agenda and the impetus behind what could kick of World War 3.",Is Appeal_to_Fear-Prejudice PRESENT and Name_Calling-Labeling ABSENT in the edited text?,,,
159,"The Iranians also operate a global network of jihad terror organizations, one of which, Hizballah, is quite active in Mexico now, with the obvious ultimate intention of crossing the border and committing jihad massacres of Americans. Obama has given a tremendous boost to these initiatives, as well as to Iran’s nuclear program, with his nuclear deal that has given the Iranians hundreds of billions of dollars and essentially a green light to manufacture nuclear weapons, in exchange for absolutely nothing.","The Iranians also operate a global network of jihad terror organizations, one of which, Hizballah, is quite active in Mexico now, with the obvious ultimate intention of crossing the border and committing jihad massacres of Americans. Here is what the manual states in part regarding the use of firearms: Obama has given a tremendous boost to these initiatives, as well as to Iran’s nuclear program, with his nuclear deal that has given the Iranians hundreds of billions of dollars and essentially a green light to manufacture nuclear weapons, in exchange for absolutely nothing.","Are the techniques unchanged by the edit? Original techniques: Appeal_to_Fear-Prejudice, Flag_Waving, Loaded_Language",,,
160,"The circumstantial evidence overwhelmingly establishes that Oswald was working for U.S. intelligence. How often have you ever heard of a U.S. Marine communist? If Oswald was a genuine communist, why would he have joined the Marines in the 1950s, given that the Marines hated communists and had just helped kill millions of them in the Korean War? Why would a genuine communist want to join an organization in which he could be ordered, on a moment’s notice, to return to Korea or be sent to Vietnam, Laos, China, the Soviet Union, or Europe to kill communists? Don’t forget: this is the height of the Cold War!","The circumstantial evidence overwhelmingly establishes that Oswald was working for U.S. intelligence. How often have you ever heard of a U.S. Marine communist? If Oswald was a genuine communist, why would he have joined the Marines in the 1950s, given that the Marines hated communists and had just helped kill millions of them in the Korean War? Why would a genuine communist want to join an organization in which he could be ordered, on a but it is in the Arabian, to return to Korea or be sent to Vietnam, Laos, China, the Soviet Union, or Europe to kill communists? Don’t forget: this is the height of the Cold War!",Are the techniques unchanged by the edit? Original techniques: Exaggeration-Minimisation,,,
161,"While there can be no doubt that the impending total extinction of the Carmelite Order in Western Europe was foremost in the minds of the nuns present, it seems that the issue was simply not addressed out loud by the representatives of the bureaucracy.","While there can be no doubt that the and rightly so of the Carmelite Order in Western Europe was foremost in the minds of the nuns present, it seems that the issue was simply not addressed out loud by the representatives of the bureaucracy.",Is Conversation_Killer PRESENT and Loaded_Language ABSENT in the edited text?,,,
162,"The outbreak of the contagious and deadly Marburg virus disease in the Kween district of eastern Uganda was declared by the nation’s Ministry of Health back on October 19. Since then, five cases have been identified as international aid agencies, stretched thin by Madagascar’s black death outbreak, have rushed to deploy teams on the ground to control the recent outbreak. This news comes amid a surge in cases of plague in Madagascar, which is considered to be the “worst outbreak in 50 years” and now at “crisis” point.","Eighteen months after the evidence was recounted in the urgent memo, The outbreak of the contagious and deadly Marburg virus disease in the Kween district of eastern Uganda was declared by the nation’s Ministry of Health back on October 19. Since then, five cases have been identified as international aid agencies, stretched thin by Madagascar’s black death outbreak, have rushed to deploy teams on the ground to control the recent outbreak. This news comes amid a surge in cases of plague in Madagascar, which is considered to be the “worst outbreak in 50 years” and now at “crisis” point.",Are the techniques unchanged by the edit? Original techniques: Appeal_to_Authority,,,
163,"The Department of Justice is looking into whether Oakland Mayor Libby Schaaf obstructed justice by warning Northern California residents of an impending raid by U.S. Immigration and Customs Enforcement (ICE). The agency’s acting director, Thomas Homan, told “Fox & Friends” Wednesday morning that the DOJ is “reviewing” whether Schaaf broke any laws by telling her constituents ICE would be raiding the area in order to arrest people violating federal immigration laws. Schaaf, a Democrat, posted the warning to Twitter Saturday, writing that “multiple credible sources” told her the immigration agency was “preparing to conduct an operation in the Bay Area, including Oakland, starting as soon as” Sunday. “What she did is no better than a gang lookout yelling ‘police’ when a police cruiser comes in the neighborhood, except she did it to a whole community,” Homan told ""Fox & Friends."" ""There's over 800 significant public safety threat criminals ... that we are unable to locate because of that warning, so that community's a lot less safe than it would've been.""","The Department of Justice is looking into whether Oakland Mayor Libby Schaaf obstructed justice by warning Northern California residents of an impending raid by U.S. Immigration and Customs Enforcement (ICE). The agency’s acting director, Thomas Homan, told “Fox & Friends” Wednesday morning that the DOJ is “reviewing” whether Schaaf broke any laws by telling her constituents ICE would be raiding the area in order to arrest people violating federal immigration laws. Schaaf, a Democrat, posted the warning to Twitter Saturday, writing that “multiple credible sources” told her the immigration agency was “preparing to conduct an operation in the Bay Area, including Oakland, starting as soon as” Sunday. “What she did is no better than a gang lookout yelling ‘police’ when a police cruiser comes in the neighborhood, except she did it to a whole community,” Homan told ""Fox & Friends."" ""There's over 800 significant public safety threat criminals ... that we are unable to locate because of that warning, so that Bergoglio will not, of course, resign. He will cling to power with his last breath in order to carry out the many other acts of ecclesial subversion he clearly has in mind",Is Causal_Oversimplification PRESENT and Appeal_to_Authority ABSENT in the edited text?,,,
164,"“When the Parkland shooting happened, our phone calls and emails exploded,” said coalition president Tim Lambert. “In the last couple of months, our numbers have doubled. We’re dealing with probably between 1,200 and 1,400 calls and emails per month, and prior to that it was 600 to 700.”","“When the Parkland happened, our phone calls and emails exploded,” said coalition president Tim Lambert. “In the last couple of months, our numbers have doubled. We’re dealing with probably between 1,200 and 1,400 calls and emails per month, and prior to that it was 600 to 700.”",Is Repetition ABSENT from the edited text?,,,
